Barcode,Product Name,Department,Brand,Supplier,total_qty,total_revenue,times_sold,avg_cost
5060688010055,BIDLEY DAIRY SEMI-SKIMMED 2L,DEFAULT,,,199.0,495.51000000000005,171,1.0
5000177500971,MR FREEZE CLASSIC,RETAIL GROCERY,,,167.0,66.8,45,1.0
5060688010048,BIDLEA SEMI-SKIMMED MILK,GROCERY,,,167.0,298.93,158,1.0
5060286261637,FREE RANGE EGGS,GROCERY,,,163.0,415.65,143,1.25
5060688010086,BIDLEA DAIRY WHOLE MILK,DEFAULT,,,127.0,316.23,111,1.0
5060221241847,TANGO ASST ICE POPS,RETAIL GROCERY,,,108.0,81.0,36,0.01
5060688010079,BIDLEA WHOLE MILK,GROCERY,,,90.0,161.1,82,1.0
90493317,RED BULL £1.75,SOFT DRINKS,,PARFETTS,88.0,154.0,72,0.87
5000112693577,COCA COLA £1.15,SOFT DRINKS,,PARFETTS,87.0,100.05,70,0.62
7622202275579,Cadbury Starbar PM89,CONFECTIONERY,,,74.0,65.86,41,0.55
5027291010308,WHITE BOX MEDIUM,BAKERY,,,73.0,159.87,73,1.0
5056784914151,MONSTER ULTRA,SOFT DRINKS,,PARFETTS,73.0,127.75,70,0.75
5027291017000,HENLLAN WHITE BAPS 4'S,BAKERY,,,69.0,130.41,64,1.0
5060688010031,BIDLEA SEMI-SKIMMED MILK,GROCERY,,,68.0,74.12,61,1.0
5060688010208,BIDLEA STRAWBERRY MILKSHAKE,GROCERY,,,63.0,93.87,57,1.0
5027291010513,HEN.BREAD WELSH F/H WHT,BAKERY,,,63.0,148.05,63,1.0
5010459005025,HIGHLAND SPRING WATER,SOFT DRINKS,,,62.0,108.5,45,0.508
5056784914182,MONSTER MANGO LOCO,SOFT DRINKS,,,60.0,111.0,57,1.398421052631579
5015587000010,ICE COMP PARTY ICE CUBES,FROZEN FOODS,,,60.0,129.0,47,0.17
8000920401170,WALLS CALIPPO ORANGE,FROZEN FOODS,,,56.0,95.2,34,1.0
90493850,RED BULL £2.20,SOFT DRINKS,,PARFETTS,55.0,121.00000000000001,47,1.2
5016860639286,DELAMERE CHOC FLAV MILK,CHILLED FOODS,,,55.0,85.25,51,0.08
7622202342370,CADBURY DAIRY MILK £1.95,CONFECTIONERY,,PARFETTS,53.0,103.35,49,1.25
5000159603751,Galaxy Smooth Mlk Blck PM169,CONFECTIONERY,,,53.0,89.57,44,1.08
90493577,RED BULL ENERGY PM280,SOFT DRINKS,,,53.0,148.39999999999998,47,1.7100000000000002
5027291010520,HEN.BREAD WELSH F/H HARV.,BAKERY,,,52.0,129.48000000000002,50,1.0
5054267014220,LUCOZADE ENERGY ORANGE PM150,SOFT DRINKS,,,52.0,78.0,46,0.685
8711327681125,CORNETTO MAX CHOC & HAZELNUT,ICE CREAM,,,51.0,126.99000000000001,32,1.0
5056784900420,MONSTER RIO PUNCH,SOFT DRINKS,,,50.0,87.5,26,0.8861538461538461
5000237206072,HULA HOOPS BBQ BEEF,CRISPS & SNACKS,,,49.0,66.15,44,0.8
5010478800045,VIMTO ORIGINAL CHEW BAR 15P,CONFECTIONERY,,,49.0,9.8,26,0.1
5027291017154,BROWN BAPS 4,BAKERY,,,49.0,90.65,48,1.0
5010478900998,SMATLOW REFRESH LEMON CHEW,CONFECTIONERY,,,48.0,9.6,32,0.1
5027291013156,WHOLEMEAL FLOURY THICK,BAKERY,,,48.0,81.42,46,1.0
5054267013339,Lucozade Sport Rspbery PM200,RETAIL GROCERY,,,46.0,92.0,39,1.0
5060688010178,BIDLEY CHOCOLATE MILK,GROCERY,,,46.0,68.54,44,1.0
5015552601112,BUXTON WATER,SOFT DRINKS,,,45.0,69.75,44,0.58
5060688010062,BIDLEA WHOLE MILK,GROCERY,,,44.0,47.96,40,1.0
5000328037189,SQUARES SALT & VINEGAR,CRISPS & SNACKS,,,44.0,59.400000000000006,41,0.7436585365853658
5010478100213,SMATLOW DRUMSTICK CHEW BAR,CONFECTIONERY,,,44.0,8.8,23,0.02
5000112693676,COCA COLA PM1.85,SOFT DRINKS,,PARFETTS,44.0,81.4,38,1.06
7622202211942,TREBOR S/MINT S/MINT 69P,CONFECTIONERY,,PARFETTS,44.0,30.36,38,0.4242105263157895
3068320084602,EVIAN MINERAL WATER PET,,,,43.0,89.86999999999999,38,0.13
3057640136993,VOLVIC MINERAL WATER,SOFT DRINKS,,,43.0,72.67,38,0.08
4062139024216,PEPSI MAX,SOFT DRINKS,,,42.0,58.379999999999995,39,0.7753846153846154
8721274807288,TWISTER PINEAPPLE,ICE CREAM,,,42.0,71.39999999999999,32,1.0
5054267012936,LUCOZADE ALERT CHERRY PM100,SOFT DRINKS,,,42.0,42.0,40,0.48
7640175742461,BOMBAY SAPPHIRE  TONIC,ALCOHOL,,,41.0,151.29,22,1.62
5010459005292,HIGHLAND STILL WATER,SOFT DRINKS,,,40.0,42.0,33,0.33
8711327663961,Magnum Utopia Double Cherry,FROZEN FOODS,,,40.0,103.6,34,1.36
5000159460880,SNICKERS ICE CREAM BAR,ICE CREAM,,,40.0,79.6,33,1.0
5054267016491,LUC SP ICE K JUDE £1.60,SOFT DRINKS,,PARFETTS,40.0,64.0,32,0.95
5027291017208,4 MULTIGRAIN BAPS,BAKERY,,,39.0,77.61,37,1.0
8721274808360,CORNETTO STRAWBERRY,ICE CREAM,,,39.0,77.61,27,1.0
5000112684810,OASIS SUMMER FRUIT PM?1.40,SOFT DRINKS,,,39.0,54.599999999999994,34,0.8
5054267016446,LUCOZADE SPORT ORANGE,SOFT DRINKS,,PARFETTS,38.0,60.800000000000004,37,0.95
5410228337379,STELLA PINT CAN £7.99,BEER LAGER,,PARFETTS,36.0,287.64,32,4.5
3296180005394,LA VIEILLE FERME ROSE,ALCOHOL,,,36.0,342.0,36,5.5
5054267013070,LUCOZADE ENERGY ORANGE PM200,SOFT DRINKS,,,36.0,72.0,31,1.1119354838709676
8711327581227,MAGNUM DOUBLE CARAMEL,ICE CREAM,,,35.0,84.0,27,1.0
5000431027572,L&B BLUE KS20,TOBACCO,,,35.0,578.6800000000001,34,1.0
3057640569043,VOLVIC PEACH & RASPBERRY,SOFT DRINKS,,,35.0,71.75,33,0.95
5016860000475,DELAMERE ICED COFFEE LATTE,CHILLED FOODS,,,35.0,54.25,33,0.9666666666666667
5000382123415,Rio Tropical Can PM85,RETAIL GROCERY,,,35.0,29.75,33,0.42
5900951354878,GAL CARAMEL 1.69,CONFECTIONERY,,PARFETTS,34.0,57.46,29,1.08
5000237206096,HULA HOOPS SALTED,CRISPS & SNACKS,,,34.0,45.900000000000006,33,0.8
5027291011206,400G WHITE THIN,BAKERY,,,34.0,64.25999999999999,33,1.0
8721274817157,WALLS FEAST IC,FROZEN FOODS,,,34.0,64.25999999999999,25,1.0
5056192413833,MUTATION SUPER SHOCK BAR,CONFECTIONERY,,PARFETTS,34.0,6.800000000000001,26,0.11
5027291091000,HENLLAN CRUMPETS,CONFECTIONERY,,,33.0,65.67,30,1.0
7622202210303,Trebor Sft Peppermint PM69,CONFECTIONERY,,,33.0,22.77,20,0.403
8721274812831,MAGNUM PISTACHIO ICE CREAM,ICE CREAM,,,33.0,90.75,31,1.0
5000159607612,MILKY WAY STD TWIN 43G PM89,CONFECTIONERY,,,33.0,29.37,31,0.53
5000159605342,SNICKERS CHOC BAR 75P,CONFECTIONERY,,PARFETTS,33.0,24.75,26,0.45000000000000007
5027291012302,HENLLEN BROWN SLICED,BAKERY,,,33.0,74.25,30,1.0
5016860959483,DELAMERE DAIRY STRAWBRY MILK,,,,32.0,47.68,32,0.08
8711327612372,MAGNUM CLASSIC,CAKES,,,32.0,76.8,27,1.0
5000328037028,MONSTER MUNCH ROAST BEEF,CRISPS & SNACKS,,,32.0,43.2,31,0.7890322580645162
5017764901202,KETLE LGHT SALTD CRISP PM129,CRISPS & SNACKS,,,32.0,41.28,30,0.58
5011792009336,BUTCH CIG PM ?1.30,RETAIL GROCERY,,,31.0,40.300000000000004,14,0.6442857142857142
5000328037141,SQUARES CHEESE & ONION,CRISPS & SNACKS,,,31.0,41.85,27,0.8
5000112662092,COKE REGULAR PM?2.49,RETAIL GROCERY,,,30.0,74.7,29,1.6
50173167,WRIGLEY AWAVE MENTHOL,CONFECTIONERY,,,30.0,25.5,28,0.12714285714285714
5054267016439,LUCOZADE SPORT RASPBERRY,SOFT DRINKS,,,30.0,48.0,27,0.8922222222222222
3068320014067,EVIAN MINWATER SCAP,SOFT DRINKS,,,29.0,49.01,26,0.08
7622202275456,CAD BOOST PM89,CONFECTIONERY,,,29.0,25.81,25,0.55
5000431026292,RICHMOND SK REAL BLUE 20,TOBACCO,,,29.0,464.57,9,0.2
8721274809053,WALLS MAGNUM WHITE CHOCOLATE,DEFAULT,,,29.0,78.01,24,1.0
5016860000178,DELAMERE BANANA MILK,CHILLED FOODS,,,29.0,44.95,29,0.07999999999999999
5000289939225,GORD PINK GIN & TON 2.25,ARTDS,,PARFETTS,29.0,65.25,12,1.2675
5000237206119,HULA HOOPS SALT & VINEGAR,CRISPS & SNACKS,,,29.0,39.150000000000006,29,0.8
8711327622289,WALLS MAGNUM EUPHORIA,ICE CREAM,,,28.0,83.72,26,1.0
5060688010185,BIDLEA BANANA MILKSHAKE,GROCERY,,,28.0,41.72,26,1.0
5056784913758,MONSTER ENERGY £1.85,SOFT DRINKS,,PARFETTS,28.0,51.800000000000004,22,0.95
5000431027312,LAMBERT SILVER,TOBACCO,,,28.0,479.71000000000004,25,0.1
5000431027169,CARLTON RED SK20,TOBACCO,,,28.0,446.88,17,1.0
5027291010551,WHITE FLOURY THICK 400g,BAKERY,,,28.0,52.919999999999995,28,1.0
5010052114230,TRANSFORM-A-SNACK SPICY,CRISPS & SNACKS,,,27.0,27.0,27,0.5333333333333333
5000382128304,BARR IRN BRU 85P,SOFT DRINKS,,PARFETTS,27.0,22.95,24,0.44
5027291012807,BROWN THIN,BAKERY,,,26.0,51.74,24,1.0
5017764005498,KET KRIN R/S PEPP ?1.29,CRISPS SNACKS & NUTS,,,26.0,33.54,25,1.0
5035766064442,BIRRA MORETTI 4PK CAN 46,ALCOHOL,,,26.0,215.53999999999996,25,4.55
5000237206676,McCOYS FLAME GRILLED STEAK,CRISPS & SNACKS,,,26.0,35.1,25,0.7844
5000159604796,MARS PM75,RETAIL GROCERY,,,26.0,19.5,22,0.45
5000159460866,MARS ICE CREAM BAR,ICE CREAM,,,26.0,51.74,22,1.0
4062139024759,Pepsi Max PM219,RETAIL GROCERY,,,26.0,56.94,26,1.3515384615384616
7622202276996,CAD Picnic PM89,CONFECTIONERY,,,26.0,23.14,24,0.55
5449000034335,SMART WATER,SOFT DRINKS,,,25.0,29.75,23,0.45
7622202275555,CAD DOUBLE DECKER 89P,CONFECTIONERY,,PARFETTS,25.0,22.25,22,0.55
5012136012500,KNIGHTS CIDER,ALCOHOL,,,25.0,49.75,11,1.4200000000000002
5056784915813,MONSTER PIPLINE PUNCH,SOFT DRINKS,,PARFETTS,25.0,46.25,23,0.8600000000000001
5000328036144,DORITOS TANGY CHEESE,CRISPS & SNACKS,,,25.0,33.75,24,0.94
72417330025,M/L C/CHIP COOKIE ?1.59,DEFAULT,,,25.0,39.75,25,1.06
5010459015178,HIGHLAND SPARKLING WATER,,,,25.0,49.75,18,0.78
7622202341625,CADBURYS FREDDO 39P,CONFECTIONERY,,PARFETTS,25.0,9.75,17,0.25
5000237206713,MCCOYS SALT & MALT VINEGAR,CRISPS & SNACKS,,,25.0,33.75,23,0.7482608695652174
8000920401248,WALLS CALIPPO STRAWBERRY,ICE CREAM,,,25.0,42.5,18,1.0
8721274811360,WALLS SOLERO EXOTIC,RETAIL GROCERY,,,24.0,38.160000000000004,22,1.0
5056784915639,MONSTER ULTRA STRAWBERRY DREAMS,SOFT DRINKS,,,24.0,42.0,23,0.75
4062139024605,LIPTON ICE T PEACH £1.39,SOFT DRINKS,,PARFETTS,24.0,33.36,22,0.58
5000328036526,WALKERS CHEESE & ONION,CRISPS & SNACKS,,,24.0,32.400000000000006,22,0.8
5000112684599,Dr Pepper PM140,RETAIL GROCERY,,,23.0,32.199999999999996,23,0.77
3057640373428,VOLVIC LEMON-LIME,SOFT DRINKS,,,23.0,47.15,22,0.95
5056784908877,MONSTER VIKING BERRY,SOFT DRINKS,,PARFETTS,23.0,42.550000000000004,21,0.86
5000237206034,KP SP/RAIDERS BEEF 50P,CRISPS SNACKS & NUTS,,PARFETTS,23.0,11.5,18,0.3
5000328583839,QUAVERS CHEESE,CONFECTIONERY,,,23.0,20.7,19,0.49000000000000005
5000328149035,SMITHS SCPFRIES 24X4CARD,CRISPS & SNACKS,,,23.0,23.0,19,0.4
5000112684483,Diet Coke PM140,SOFT DRINKS,,,23.0,32.199999999999996,20,0.75
5000168006161,MCVITIES CARAMEL DIG PM?2.25,RETAIL GROCERY,,,23.0,51.75,19,1.46
7622202275432,CADBURYS TWIRL PM89,CONFECTIONERY,,,23.0,20.47,20,0.55
5060174650000,SHIVER ICE,FROZEN FOODS,,,22.0,65.78,13,1.0
5017764004743,KET M/C&ONION 1.29,CRISPS SNACKS & NUTS,,PARFETTS,22.0,28.380000000000003,22,0.75
5010693411606,CADBURY FLAKE 99 CONE,ICE CREAM,,,22.0,66.0,17,0.04
5000143902228,BENSON  HEDGES KS 20S,TOBACCO,,,22.0,355.3,22,1.0
3296180005400,LA VIEILLE FERME BLANC,ALCOHOL,,,22.0,209.0,14,1.0
5000159607377,TWIX STD TWIN 50G PM89,CONFECTIONERY,,,22.0,19.580000000000002,20,0.54
8711327660601,MAGNUM VEGAN ALMOND IC,ICE CREAM,,,22.0,59.18,19,1.0
5054267016590,ORANGINA,SOFT DRINKS,,,22.0,27.02,20,1.0
5000382114505,Barr Dandelion&Burdock,SOFT DRINKS,,,22.0,22.0,20,0.56
5060688010000,BIDLEA SKIMMED MILK,GROCERY,,,22.0,39.38,19,0.9800000000000001
5060592005222,CHESTERFEILD RED,TOBACCO,,,22.0,335.11,20,0.17
5000328036205,DORITOS COOL ORIGINAL,CRISPS & SNACKS,,,22.0,29.700000000000003,21,0.94
7622202342271,CAD.DAIRY M.CARAMEL 1.95,CONFECTIONERY,,,22.0,42.9,22,1.2354545454545454
8000500447666,NUTELLA & GO £1.25,CONFECTIONERY,,PARFETTS,22.0,27.5,18,0.9499999999999998
9322214009961,YELLOW TAIL PINOT GRIGIO,ALCOHOL,,,22.0,219.78,15,5.255333333333334
9414416305528,VILLA MARIA SAUV BLANC,ALCOHOL,,,22.0,300.78000000000003,22,7.9390909090909085
5000281080802,CAPT MORG PEPSI £2.25,ARTDS,,PARFETTS,22.0,49.5,8,1.25
8711327584327,CALIPPO COLA 105ML,ICE CREAM,,,22.0,37.4,15,1.0
5027291035301,VANILLA SLICE,CHILLED,,,22.0,56.099999999999994,19,1.0
5000328036175,DORITOS CHILLI HEATWAVE,CRISPS & SNACKS,,,22.0,29.7,16,0.94
7622202245480,Oreo Double Cream PM129,RETAIL GROCERY,,,21.0,27.09,20,0.9
5054267013346,LUCOZADE SPORT ORANGE,SOFT DRINKS,,,21.0,42.0,20,1.0
5000237206294,BUTTERKIST SWEET & SALTY POPCORN,CRISPS SNACKS & NUTS,,PARFETTS,21.0,28.35,18,0.79
5019312082081,CHTOWN SC TA PEPP PM375,FROZEN FOODS,,,21.0,78.75,18,0.1
5060688010123,BIDLEA DOUBLE CREAM JAR,GROCERY,,,21.0,62.790000000000006,21,1.0
5012035972073,Haribo Tangfastics PM125,CONFECTIONERY,,,21.0,26.25,19,0.73
5000112663945,DIET COKE PM90,SOFT DRINKS,,,21.0,18.900000000000002,14,0.46
5010052115923,TRANSFORM-A-SNACK BEEF,CRISPS SNACKS & NUTS,,PARFETTS,21.0,21.0,19,0.5505263157894736
8723400797838,FRUITELLA JUICY CHEWS VEGAN,CONFECTIONERY,,,21.0,26.25,20,0.67
5000328037240,WOTS SWEET & SPICY £1.35,CRISPS SNACKS & NUTS,,PARFETTS,21.0,28.35,15,0.7706666666666667
5000157024671,HEINZ B/BEANZ,RETAIL GROCERY,,,21.0,32.550000000000004,14,1.16
3057640372858,VOLVIC STRAWBERRY,SOFT DRINKS,,,21.0,43.05,21,0.95
5000328036588,WALKERS READY SALTED,CRISPS & SNACKS,,,21.0,28.35,21,0.8
5000159609401,TWIX XTRA HAZELNUT BAR,CONFECTIONERY,,PARFETTS,21.0,30.45,19,0.67
5019312082074,CHTOWN SC TA CHEESE PM375,FROZEN FOODS,,,20.0,75.0,20,0.1
5000159609203,TWIX HAZELNUT BAR 89P,CONFECTIONERY,,PARFETTS,20.0,17.8,16,0.53
5000112687309,JACK DAN & COCA CO £2.59,ARTDS,,PARFETTS,20.0,51.8,12,1.46
5000143973532,STERLING DUAL,TOBACCO,,,20.0,348.16,20,1.0
5012035971892,Haribo Balla Bites PM125,CONFECTIONERY,,,20.0,25.0,20,0.635
5000237206690,MCCOYS CHEDDAR & ONI PM135,CRISPS & SNACKS,,,20.0,27.0,20,0.8
5000382127901,IRN BRU,SOFT DRINKS,,PARFETTS,20.0,25.8,19,0.71
8711327614109,MAGNUM ALMOND,ICE CREAM,,,20.0,48.0,16,1.0
5000328037059,MONSTER MUNCH SWEET & SPICY,CRISPS & SNACKS,,,20.0,27.0,19,0.8
4000177036983,CAPRI SUN ORANGE PM59,SOFT DRINKS,,,20.0,15.4,18,1.0
5900951354915,Galxy Cooki Crmbl Blck PM169,CONFECTIONERY,,,20.0,33.8,18,1.08
5010478850415,SWIZZLERS REFRESHERS SOUR APPLE 18G,CONFECTIONERY,,,20.0,4.0,10,0.01
3057640600128,VOLVIC CHERRY,SOFT DRINKS,,,20.0,41.0,17,0.95
7622202342431,CADBURY DM FRUIT & NUT PM195,CONFECTIONERY,,,20.0,39.0,20,1.25
5000168006260,McVities Milk Chc Digs PM225,RETAIL GROCERY,,,20.0,45.0,19,1.4210526315789473
24354200763,SPONGE CAKE,RETAIL GROCERY,,,20.0,29.8,15,1.0
5018297013165,TAKIS BLUE HEAT £1.25,CRISPS SNACKS & NUTS,,PARFETTS,19.0,23.75,16,0.80375
5010478432567,SMATLOW GIANT LOVE HEARTS,CONFECTIONERY,,,19.0,9.31,17,0.20470588235294118
5018811000015,DELPHI FRESH HOUMOUS DIP,CHILLED FOODS,,,19.0,31.71,18,0.17
3057640535123,VOLVIC MANGO PASSION,SOFT DRINKS,,,19.0,37.81,18,1.0
5000237206393,KP S&V NUTS £1.35,CRISPS SNACKS & NUTS,,PARFETTS,19.0,25.650000000000002,18,0.725
5000112684766,FANTA FRUIT TWIST,SOFT DRINKS,,,19.0,26.599999999999998,18,0.77
8000300439120,Milkybar PM89,CONFECTIONERY,,,19.0,16.91,17,0.53
7622202275494,Cadbury Dairy Milk PM89,CONFECTIONERY,,,19.0,16.91,16,0.56
5010052114223,TRANSFORM-A-SNACK SAUCY BBQ,CRISPS & SNACKS,,,19.0,19.0,19,0.5431578947368422
3664346354370,TCO MILK MINIS £1.50,CONFECTIONERY,,PARFETTS,19.0,28.5,19,0.966842105263158
7622202276088,CDM Giant Buttons PM169,CONFECTIONERY,,,19.0,32.11,17,1.05
8002270000515,S.PELLEGRINO SPRKLING WATER,SOFT DRINKS,,,19.0,21.849999999999998,16,0.54
4260192867096,MIXED PEPPERS,GROCERY FOOD,,,19.0,35.91,19,1.0
80830986,Kinder Cards PM65 T2,CONFECTIONERY,,,19.0,12.35,16,0.5
34000939572,REESES,CONFECTIONERY,,,19.0,16.15,15,1.0
5012035971915,Haribo Giant Strawbs PM125,CONFECTIONERY,,,18.0,22.5,16,0.54
5000382127949,IRN BRU ZERO,SOFT DRINKS,,PARFETTS,18.0,23.22,17,0.55
7622202342417,Cadbury DM Chopped Nut PM195,CONFECTIONERY,,,18.0,35.1,17,1.25
5054267016316,LUC EN GRATFRUITTI £1.50,SOFT DRINKS,,PARFETTS,18.0,27.0,18,0.7150000000000001
8002270506833,SAN PELLEGRINO ARANCIATA,RETAIL GROCERY,,,18.0,28.62,18,0.5288888888888889
5000112581737,DIET COKE £1.99,SOFT DRINKS,,PARFETTS,18.0,35.82,18,1.08
5054267014237,LUCOZADE ENERGY ORIGINAL,SOFT DRINKS,,,18.0,27.0,16,0.631875
4062139024247,PEPSI MAX CHERRY,SOFT DRINKS,,,18.0,25.02,17,0.76
5060688010192,BIDLEA VANILLA MILKSHAKE,GROCERY,,,18.0,26.82,17,1.0
5010052114148,TRANSFORM-A-SNACK SPICY,CRISPS & SNACKS,,,18.0,9.0,14,0.27
5059320001117,Nurti Grain Strawberry PM79,RETAIL GROCERY,,,18.0,14.22,15,0.39
5000112693607,DR PEPPER 90P,SOFT DRINKS,,PARFETTS,18.0,16.2,17,0.43
5060148621104,AVANT NAT MIN WATER,GROCERY,,,18.0,7.0200000000000005,11,0.15
8445291876316,Aero Giant Peppermint PM165,CONFECTIONERY,,,18.0,29.7,17,0.9
8445290273895,NESTLE PURE LIFE,SOFT DRINKS,,,18.0,17.82,15,0.34
5000112685411,FANTA LEMON,SOFT DRINKS,,PARFETTS,18.0,25.2,16,0.77
5000237206270,BUTTERKIST SWEET POPCORN,CRISPS & SNACKS,,,18.0,24.3,16,0.71
50973613,RIZLA GREEN PAPERS,CIGARETTES & TOBACCO,,PARFETTS,18.0,8.82,14,0.28
8888056603008,KOKA NOODLES CHICKEN,GROCERY,,,17.0,11.729999999999999,9,1.0
5027291082534,BAKEWELL MUFFIN,CAKES,,,17.0,33.83,14,1.0
5000112684520,FANTA ORANGE,SOFT DRINKS,,,17.0,23.799999999999997,16,0.77
5017764005696,KETTLE SWEET CHILLI &#38; SOUR CREAM POTATO CHIPS 80G,CONFECTIONERY,,,17.0,21.93,17,1.0
5000328036465,FRAZZLE CRISPY BACON,CRISPS SNACKS & NUTS,,PARFETTS,17.0,22.950000000000003,17,0.69
5000237206010,SPACE RAIDERS PKLD ON PM50,CRISPS & SNACKS,,,17.0,8.5,15,1.0
5410438047938,YAZOO CHOCOLATE £1.39,SOFT DRINKS,,PARFETTS,17.0,23.63,17,0.88
5000237206331,BUTTERKIST TOFFEE POPCORN,CRISPS SNACKS & NUTS,,PARFETTS,17.0,22.950000000000003,16,0.79
5000237206959,DISCOS PICKLED ONIONS,CRISPS & SNACKS,,,17.0,22.950000000000003,17,0.96
8445291848825,YORKIE MILK PM 89P,CONFECTIONERY,,PARFETTS,17.0,15.13,16,0.53
5060926503233,AU VODKA X TANGO ORANGE,ARTDS,,PARFETTS,17.0,49.13,13,1.6700000000000002
80310549,KINDER HAPPY HIPPO T1,CONFECTIONERY,,,17.0,12.75,13,0.49
5000237206935,MCCOY'S HOT N SPICY,CRISPS SNACKS & NUTS,,PARFETTS,17.0,22.950000000000003,17,0.8
5053990178407,Pringles Original PM299,CRISPS & SNACKS,,,17.0,50.830000000000005,17,1.698235294117647
5027291017604,6 WHITE FINGER ROLL,BAKERY,,,17.0,32.129999999999995,16,1.0
5740900805309,LURPAK BUTTER SPREADABLE,CHILLED FOODS,,,17.0,65.45,17,0.08
5000159607407,BOUNTY BAR 89P,CONFECTIONERY,,PARFETTS,17.0,15.13,14,0.54
5000382130055,IRN BRU Z CHERRY £1.29,SOFT DRINKS,,PARFETTS,17.0,21.93,16,0.75
5000382129981,IRN BRU ICE CREAM,SOFT DRINKS,,PARFETTS,17.0,21.93,11,0.75
5054267013056,Lucozade Energy Cherry PM200,SOFT DRINKS,,,17.0,34.0,14,1.17
5000159604086,Galaxy Counters Trt Bg PM169,CONFECTIONERY,,,17.0,28.73,17,1.07
5010067301502,SILVER SPOON SUGAR,RETAIL GROCERY,,,17.0,26.35,17,0.87
79581184010,CALYPSO OCEAN BLUE LEMONADE,SOFT DRINKS,,,17.0,45.73,17,1.22
5010228006789,McC Crspy French Fries PM269,FROZEN FOODS,,,17.0,45.73,17,1.99
5000159607551,GALAXY RIPPLE 89P,CONFECTIONERY,,PARFETTS,17.0,15.13,14,0.54
5060884851889,TRIP MINDFUL BLEND CHERRY,SOFT DRINKS,,,17.0,34.0,14,1.0
5000143969436,B&H SK GREEN,CIGARETTES & TOBACCO,,PARFETTS,16.0,243.2,16,11.87
5000328036717,WALKERS ROAST CHICKEN,CRISPS & SNACKS,,,16.0,21.6,16,0.8
5000328036496,Walkers L&P Worcester PM135,RETAIL GROCERY,,,16.0,21.6,15,0.8
5035139219929,ALOE LYCHEE 500ML,SOFT DRINKS,,,16.0,31.84,13,1.0
5010933012013,CHEWITS XTREMELY SOUR APPLE,CONFECTIONERY,,,16.0,11.04,14,0.2871428571428572
50226894,SWAN EX SLIM FILTERS,CIGARETTES & TOBACCO,,PARFETTS,16.0,19.04,15,0.43
7622202342356,CADBURY DAIM PM 1.95,CONFECTIONERY,,PARFETTS,16.0,31.2,16,1.25
5000295158290,COUNTRY LIFE BLOCK,CHILLED FOODS,,,16.0,53.6,15,0.1
5449000177650,COKE ZERO,SOFT DRINKS,,PARFETTS,16.0,28.0,15,0.9599999999999999
1210000107602,BUZZBAL BER CHER LIMEADE,ARTDS,,PARFETTS,16.0,71.84,12,2.58
3057640602528,VOLVIC TOF STRAWBERRY £1,SOFT DRINKS,,PARFETTS,16.0,16.0,12,0.53
7393714515506,KBERG STRAWBERRY  LIME,ALCOHOL,,,16.0,52.64,12,1.91
5000112557329,SCHWPPES LEMONADE PM?1.75,SOFT DRINKS,,,16.0,28.0,14,1.0
5000382124443,BARR AMRCAN CREAM SODA,SOFT DRINKS,,,16.0,16.0,15,0.5400000000000001
5000213027738,Guinness Draught PM669,ALCOHOL,,,16.0,107.04,14,4.25
5060215330830,I HEART SAUVIGNON BLANC,ALCOHOL,,,16.0,143.84,13,4.866153846153846
4250402400250,DFE SWEDISH MTBALLS,CHILLED FOODS,,,16.0,16.0,12,0.13
4062139015108,Pepsi Max PM85 Can,RETAIL GROCERY,,,15.0,12.75,14,0.375
5056784915363,MONSTER KHAOTIC £1.85,SOFT DRINKS,,PARFETTS,15.0,27.75,14,0.95
5060188693239,G/ACRE THICK FRUIT YOG,CHILLED,,PARFETTS,15.0,9.75,12,0.49
5000112684834,OASIS Z EXOTIC FRU £1.40,SOFT DRINKS,,PARFETTS,15.0,21.0,11,0.8
5056784915691,MONSTER RIPPER,SOFT DRINKS,,PARFETTS,15.0,27.75,14,0.95
34000471652,REESES MINIS,CONFECTIONERY,,,15.0,20.25,15,1.0
5031396090813,VIMTO BON BONS,CONFECTIONERY,,,15.0,18.75,15,0.7099999999999999
5027291082503,CHOCOLATE MUFFIN,RETAIL GROCERY,,,15.0,24.75,12,0.10000000000000002
5027291082527,HENLLAN LEMON MUFFIN,BAKERY,,,15.0,29.85,13,1.0
40099361,WRIGLEY EXTRA SF PEPPERMNT,CONFECTIONERY,,,15.0,14.25,10,0.37
5070000120706,TRIP ELDERFLOWER MINT,SOFT DRINKS,,,15.0,30.0,13,1.0
80310891,KINDER JOY EGG 20G FA613,CONFECTIONERY,,,15.0,24.75,12,1.07
5000328036557,WALKERS PRAWN COCKTAIL,CRISPS & SNACKS,,,15.0,20.25,13,0.8
5000328036991,MONSTER MUNCH PICKLED ONION,CRISPS & SNACKS,,,15.0,20.25,14,0.7757142857142858
8051369005344,OREO ICE CREAM SANDWICH,FROZEN,,,15.0,44.85,12,1.0
8002270576829,SAN PELLEGRINO LIMONATA,SOFT DRINKS,,,15.0,23.85,13,1.0
4008400836324,KINDER HAPPY HIPPO COCOA T1,CONFECTIONERY,,,15.0,10.5,14,0.48999999999999994
3057640406423,VOLVIC LEMON-LIME,SOFT DRINKS,,,15.0,29.85,14,1.03
3057640510533,VOLVIC STRAWBERRY SUGAR FREE,SOFT DRINKS,,PARFETTS,15.0,29.85,15,1.03
9770307757815,DAILY MAIL MONDAY,NEWS,,,15.0,19.5,15,1.0
3116740015536,TUBBLE GUM TUBE PASTE,CONFECTIONERY,,,15.0,22.35,13,0.6
5060215336221,I HEART PINOT GRIGIO,WINE,,,15.0,119.85,9,1.0
5054267014350,LUCOZADE ENERGY CHERRY,SOFT DRINKS,,,15.0,22.5,14,0.7335714285714285
5012035985110,Haribo Maoam Stripes PM125,CONFECTIONERY,,,15.0,18.75,13,0.6653846153846155
5000382126720,BOOST WATER+ CITRUS,SOFT DRINKS,,PARFETTS,15.0,15.0,14,0.58
5056784913222,MONSTER ENERGY ZERO 1.75,SOFT DRINKS,,PARFETTS,15.0,26.25,15,0.87
5000168039718,MINI CHEDDERS,CRISPS & SNACKS,,,15.0,18.75,15,0.87
5060926503240,AU VODKA X TANGO APPLE,ARTDS,,PARFETTS,15.0,43.35,11,1.6699999999999997
5000328043807,DORITOS 3D SIZZLING STEAK,CRISPS SNACKS & NUTS,,PARFETTS,15.0,20.25,14,0.9400000000000001
5027952012573,BAKER STREET SEEDED RYE BRD,BAKERY,,,14.0,32.9,14,1.0
3057640308338,VOLVIC STILL STRAWBERRY,SOFT DRINKS,,,14.0,28.699999999999996,13,0.16999999999999998
5054267016453,LUC SP AJ F/P PM £1.60,SOFT DRINKS,,PARFETTS,14.0,22.400000000000002,14,0.95
5000328036670,WALKERS PICKLED ONION,CRISPS & SNACKS,,,14.0,18.900000000000002,13,0.7915384615384616
5060072652199,CHEWITS XTREME SOUR CHERRY,CONFECTIONERY,,,14.0,9.66,12,0.2883333333333334
5000328037110,QUAVERS CHEESE,CRISPS & SNACKS,,,14.0,18.900000000000002,13,0.8
5000112693638,FANTA LEMON 90P,SOFT DRINKS,,PARFETTS,14.0,12.6,13,0.42
8445290698148,Bakers Allsorts PM139,PET CARE,,,14.0,19.459999999999997,12,0.7799999999999999
5000112693591,COCA COLA ZERO 90P,SOFT DRINKS,,PARFETTS,14.0,12.6,13,0.37
4025500277031,MULLER CORNER VAN CHOCBLL,CHILLED FOODS,,,14.0,13.299999999999999,8,0.08
8445291875883,Aero Giant Milk PM165,CONFECTIONERY,,,14.0,23.099999999999998,14,0.9185714285714287
8721317746390,P/NOOD CHICK& MUSH £1.29,GROCERY FOOD,,PARFETTS,14.0,18.060000000000002,11,0.94
5020628003905,Thatchers Zero Cider,ALCOHOL,,,14.0,69.86,12,2.67
5027291040251,HN LARGE SAUSAGE ROLL,COLD MEAT,,,14.0,37.1,14,1.0
5029106000078,D GRATED MATURE WHT CHED,CHILLED,,PARFETTS,14.0,34.86,12,1.79
5449000177650,CC ZERO/DIET MIX S/FAN,SOFT DRINKS,,PARFETTS,14.0,20.16,14,0.96
5012035972318,R/BOW STRIPS Z!NG ?1.25,CONFECTIONERY,,,14.0,17.5,13,0.6130769230769231
5054267014367,LUCOZADE ENERGY CARIBBEAN CRUSH,SOFT DRINKS,,,14.0,21.0,14,0.7335714285714285
5060592005260,MARLBRO GOLD,TOBACCO,,,14.0,264.46000000000004,14,1.0
5054267013063,LUCOZADE ENERGY ORIGINAL,SOFT DRINKS,,,14.0,28.0,13,1.139230769230769
4251097405278,PEPERAMI ORIGINAL,CHILLED FOODS,,,14.0,14.0,11,0.04
96207819,POLO TUBE PM 60P,CONFECTIONERY,,PARFETTS,14.0,8.4,12,0.36999999999999994
5010478561021,SWIZZELS SQUASHIES ORIG PM69,CONFECTIONERY,,,14.0,9.66,11,0.28
5010478938816,SMATLOW REFRESH STRW CHEW BR,CONFECTIONERY,,,14.0,2.8,8,0.08
90493294,REDBULL SF LILAC £1.70,SOFT DRINKS,,PARFETTS,14.0,23.8,14,0.7299999999999999
5014201655414,HENRY WESTONS VINTAGE,ALCOHOL,,,14.0,48.86,7,1.56
5010102340459,R Whites PM159,SOFT DRINKS,,,14.0,22.26,13,0.91
5054267014374,LUCOZADE ZERO PINK,SOFT DRINKS,,,14.0,21.0,13,0.7400000000000001
5010438023859,VIMTO ORIGINAL 80P,SOFT DRINKS,,PARFETTS,14.0,11.200000000000001,13,0.29
5000112688283,DR PEPPER CHRY ZRO PM85P,SOFT DRINKS,,PARFETTS,14.0,11.9,13,0.4
5000159607858,MALTESERS STD BAG PM89,CONFECTIONERY,,,14.0,12.46,12,0.54
5000112687422,JACK DAN COKE ZERO £2.59,ARTDS,,PARFETTS,14.0,36.26,9,1.54
5018811000381,DELPHI COLESLAW,CHILLED FOODS,,PARFETTS,13.0,25.869999999999997,10,1.49
5014379030662,Stella Artois 4x440ml PM649,ALCOHOL,,,13.0,84.37,11,3.8836363636363633
5012035997687,Haribo Soda Twist Zing PM125,CONFECTIONERY,,,13.0,16.25,13,0.6715384615384615
5449000011527,Fanta Orange Can,SOFT DRINKS,,,13.0,16.9,10,0.49000000000000005
8715700124575,HZ TOMATO KETCHUP PM335,HOUSEHOLD SUNDRIES,,,13.0,43.550000000000004,13,2.6499999999999995
5027291032102,LEMON ICED CAKE,CAKES,,,13.0,51.870000000000005,12,1.0
7622201386573,RITZ ORIGINAL CRACKERS PM149,RETAIL GROCERY,,,13.0,19.37,12,1.125
5035766066811,CRUZCAMPO 4 PACK £7.49,BEER LAGER,,PARFETTS,13.0,97.37,13,4.17
5000237206737,McCOYS THAI SWEET CHICKEN,CRISPS & SNACKS,,,13.0,17.55,13,0.73
7622202262524,MILKA HAPPY COW,DEFAULT,,,13.0,22.75,12,1.0
5060926500331,AU VODK BLUE RASPBERRY SODA,ALCOHOL,,,13.0,45.370000000000005,5,1.67
5000431026995,PLAYERS SK REAL RED TTT,TOBACCO,,,13.0,219.12,8,1.0
5000159603508,M&Ms Crispy Treat Bag PM169,CONFECTIONERY,,,13.0,21.97,13,1.0146153846153845
5000328038780,WALKERS  MAX FLAME GRILLED STEAK,CRISPS & SNACKS,,,13.0,17.55,13,0.8
7610113007792,BACARDI MOJITO,ALCOHOL,,,13.0,36.269999999999996,7,1.2900000000000003
8003440927335,CHUPA CHUPS APPLE BELTS,RETAIL GROCERY,,,13.0,16.77,13,0.7100000000000001
5000382124221,BARR CREAM SODA PM69,SOFT DRINKS,,,13.0,8.969999999999999,11,0.35
7622202343100,CAD C.D.M CARAMEL PM99P,CONFECTIONERY,,PARFETTS,13.0,12.87,12,0.61
7622202342554,CAD DAIRY BISCOFF 1.95,CONFECTIONERY,,PARFETTS,13.0,25.349999999999998,13,1.25
5056784915158,MONSTER PUNCH MIXXD,SOFT DRINKS,,PARFETTS,13.0,24.05,13,0.86
5060045050519,NUCLEAR SLUDGE SOUR APPL,CONFECTIONERY,,,13.0,3.25,10,0.472
5410438047914,YAZOO STRAWBERRY £1.39,SOFT DRINKS,,PARFETTS,13.0,18.07,13,0.88
5012035986490,HAR  FOOTBALL FREN £1.25,CONFECTIONERY,,PARFETTS,13.0,16.25,12,0.67
5000328036618,WALKERS SALT & VINEGAR PM135,CRISPS & SNACKS,,,13.0,17.55,13,0.8
7622202814549,CADBURY CHOC ECLAIR £1,CONFECTIONERY,,PARFETTS,13.0,13.0,11,0.5781818181818181
5029053583013,ANDREX SUPREME QUILTS PM299,HEALTH & BEAUTY,,,13.0,38.870000000000005,13,1.63
7622202275647,CADBURYS WISPA GOLD 89P,CONFECTIONERY,,PARFETTS,13.0,11.57,12,0.55
5012035972035,Haribo Starmix PM125,CONFECTIONERY,,,13.0,16.25,13,0.6715384615384615
5011007027254,MALIBU PINA COLADA 2.19,SPIRITS,,,13.0,28.47,6,1.21
5010035001304,Foxs Gldn Crnch Creams PM149,RETAIL GROCERY,,,13.0,19.37,13,0.75
8445291877627,Kit Kat Chunky Milk PM89,CONFECTIONERY,,,13.0,11.57,11,0.45
5023833039073,JUST CHICKEN WITH LIVER,PET,,,13.0,25.87,8,1.0
5901356070981,COCONUT CREAM WAFER ROLLS,CONFECTIONERY,,,13.0,15.469999999999999,10,1.0
5000112547634,SCHWEPPES S/L LMNADE PM175,SOFT DRINKS,,,13.0,22.75,11,1.0
5000354929878,BATCH SN CHIX £1.09,GROCERY FOOD,,PARFETTS,13.0,14.170000000000002,9,0.7688888888888888
7394376616228,OATLY BARISTA EDITION OAT DR,CHILLED FOODS,,,13.0,31.07,13,1.6700000000000002
5056784915660,MONST ULT PEA KEEN £1.75,SOFT DRINKS,,PARFETTS,13.0,22.75,13,0.87
8000500461266,KINDER BUENO CLASSIC 89P,CONFECTIONERY,,PARFETTS,13.0,11.57,10,0.59
5000112693560,COCA COLA CHERRY £1.15,SOFT DRINKS,,PARFETTS,13.0,14.95,13,0.6
5010134923187,BRANCOTT ESTATE SAU BLAN,WINE,,PARFETTS,13.0,149.37,13,7.09
5056908600069,LAGORA ROLLES HAZELNUT &#38; PEANUT,RETAIL GROCERY,,,13.0,12.87,12,1.0
7310511803001,Daim Bar,RETAIL GROCERY,,,13.0,16.900000000000002,12,0.51
5011157996776,TILDA STEAM BASMATI 1.29,RETAIL GROCERY,,,12.0,15.48,8,1.0
5027291083173,SALTED CARAMEL,CONFECTIONERY,,,12.0,35.88,12,1.0
5029053582986,ANDREX CLASSIC CLEAN PM299,NON FOOD,,,12.0,35.88,12,1.63
5017353504760,GALPHARM PARACETAMOL 500MG,GROCERY,,,12.0,15.0,11,0.36
7622202817007,MAYNARDS WINE GUMS £1,CONFECTIONERY,,PARFETTS,12.0,12.0,10,0.544
7622202828133,CDM CARAMILK BAR £1.75,CONFECTIONERY,,PARFETTS,12.0,21.0,12,1.11
5000143958621,AMBER LEAF 30G,TOBACCO,,,12.0,345.6,12,0.20000000000000004
5000289939188,GORDONS&DIET TONIC £2.25,ARTDS,,PARFETTS,12.0,27.0,7,1.32
34000152575,Reeses Fastbreak,CONFECTIONERY,,,12.0,13.799999999999999,8,0.62
3057640407598,VOLVIC SUMMER FRUITS,SOFT DRINKS,,,12.0,24.599999999999998,11,0.95
5010035002127,FOXS M/CHOC CHUNK 2.49,BISCUITS,,PARFETTS,12.0,29.880000000000003,11,1.528181818181818
5027291080035,HENLLAN CARROT CAKE,CAKES,,,12.0,47.88,12,1.0
5010038484098,Madri,ALCOHOL,,,12.0,46.68,9,2.04
5059630005836,GO LOCAL BABY WIPES 89P,HEALTH & BEAUTY,,,12.0,10.68,9,0.47
5012035972066,Haribo Supermix PM125,CONFECTIONERY,,,12.0,15.0,12,0.54
5000328036410,SENSATIONS THAI SWEET CHILLI,CRISPS & SNACKS,,,12.0,16.200000000000003,12,0.87
5000328035987,QUAVERS RED LEICESTER,CRISPS & SNACKS,,,12.0,16.200000000000003,11,0.8
5901356070974,TAGO CHOCOLATE CREAM,CONFECTIONERY,,,12.0,14.28,11,0.85
5020379187930,ES Berries Energy Drink PM50,RETAIL GROCERY,,,12.0,6.0,9,0.23000000000000004
5010102346376,ROB F/S ORAN NAS £1.59,SOFT DRINKS,,PARFETTS,12.0,19.080000000000002,12,0.9
7622202342516,CADBURY WHITE PM £1.95,CONFECTIONERY,,PARFETTS,12.0,23.4,12,1.25
5056784914939,MONSTER ENERGY PACIFIC PUNCH,SOFT DRINKS,,PARFETTS,12.0,22.200000000000003,11,0.8763636363636365
5056784915219,MONSTER ULTRA FIESTA,SOFT DRINKS,,,12.0,21.0,12,1.25
5060811386484,GRENADE FUDGE BROWNIE,SOFT DRINKS,,,12.0,33.480000000000004,12,1.3999999999999997
5056025453845,BREWDOG PUNK IPA CAN,BEER LAGER,,PARFETTS,12.0,33.0,1,1.67
5054267016460,LUCOZADE SPORT BLUE FORCE,SOFT DRINKS,,PARFETTS,12.0,19.200000000000003,11,0.83
5053990177868,Cheezit Double Cheese PM125,RETAIL GROCERY,,,12.0,15.0,12,0.94
5060461260639,ELECTRONIC LIGHTER ROUND,TOBACCO,,,12.0,13.080000000000002,12,1.0
5060389930508,HAYFIELDS BUTTER,BAKERY,,,12.0,47.88,8,1.0
5060188693222,G/ACRE THICK FRUIT YOG,CHILLED,,PARFETTS,12.0,7.8,7,0.48999999999999994
5000382128243,RUB EXOTIC PASSION 85P,SOFT DRINKS,,PARFETTS,12.0,10.2,12,0.44
5010052114247,TRANSFORM-A-SNACK CHEESE & ONION,CRISPS & SNACKS,,,12.0,12.0,9,0.44
5056784901151,MONSTER ULTRA RUBY RED,SOFT DRINKS,,,12.0,19.799999999999997,12,0.82
7622202210167,Trebor XStrong Pepprmnt PM69,CONFECTIONERY,,,12.0,8.28,10,0.43
5060884851827,TRIP MINDFUL BLNDS WLD STRWB,CONFECTIONERY,,,12.0,30.599999999999998,11,1.0
5449000009166,DIET COKE CAN,SOFT DRINKS,,,12.0,29.880000000000003,12,1.0
3057640100178,VOLVIC MINERAL WATER,SOFT DRINKS,,,12.0,26.28,12,0.8000000000000002
5060925292138,HUEL STRAWBERRY & BANANA,DEFAULT,,,12.0,59.88,9,2.3266666666666667
5000328037332,WOTSITS CRUNCHY SWEET & SPICY,CRISPS & SNACKS,,,12.0,16.200000000000003,11,0.69
5010478230415,Squashies Bubblegum PM115,CONFECTIONERY,,,12.0,13.799999999999999,12,0.54
5010578003261,LONGLEYFARM GREEK YOGURT,CHILLED FOODS,,,12.0,35.88,11,1.0
42070719,WRIGLEY EXTRA COOL BREEZE,CONFECTIONERY,,,12.0,11.399999999999999,10,0.03
5035766065401,Cruzcampo,ALCOHOL,,,12.0,44.28,10,1.7
5053990178469,Pringles Salt Vinegar PM299,CRISPS & SNACKS,,,12.0,35.88,12,1.31
8690146186526,BEBETO F.STR.PENCILS 1.00,CONFECTIONERY,,,12.0,12.0,11,0.950909090909091
8718951608061,Colgate White Teeth PM100,RETAIL GROCERY,,,12.0,12.0,11,0.66
5010578008020,Cottage Cheese N,CHILLED FOODS,,,12.0,22.200000000000003,10,1.39
40084107,KINDER SURPRISE T72,CONFECTIONERY,,,12.0,17.4,9,0.94
5012035971984,Haribo Jelly Babies PM125,CONFECTIONERY,,,12.0,15.0,12,0.73
8711327667525,HARIBO PUSH UP,FROZEN,,PARFETTS,12.0,24.0,10,1.05
5020379187855,ES Energy Drink PM50,RETAIL GROCERY,,,12.0,6.0,10,0.23000000000000004
5000232031525,Princes Tuna Chunks SWPM159,RETAIL GROCERY,,,12.0,19.080000000000002,10,1.23
5014379014457,CORONA EXTRA 620ML,ALCOHOL,,,12.0,45.480000000000004,9,1.75
90493546,RED BULL S/F £2.15,SOFT DRINKS,,PARFETTS,12.0,25.8,11,1.32
1230000131735,Nerds Gummy Cluster Fruit PM,CONFECTIONERY,,,12.0,30.0,12,1.3999999999999997
50173686,WRIGLEY EXTRA SF SPEARMINT,CONFECTIONERY,,,11.0,10.45,11,0.37000000000000005
5010438007156,VIMTO LIGHT,SOFT DRINKS,,PARFETTS,11.0,7.260000000000001,11,0.44
4009900580137,Starburst Fruit Chw TB PM100,CONFECTIONERY,,,11.0,11.0,11,0.61
5027291040756,CREAM SMALL,CAKES,,,11.0,21.45,10,1.0
8445291688766,NESCAFE AZERA AMRCN 4.49,GROCERY FOOD,,PARFETTS,11.0,49.39,11,3.1336363636363633
4009900549837,STARBURST ORIGINAL 65P,CONFECTIONERY,,PARFETTS,11.0,7.15,11,0.4
4010352652006,DFE SL CHCKN BREAST 1,CHILLED FOODS,,,11.0,11.0,9,0.1
7393714515902,KBERG MIXED FRUIT,ALCOHOL,,,11.0,36.19,9,1.9099999999999997
5061083300024,Shades The Original 150g,CONFECTIONERY,,,11.0,21.89,11,1.16
5000237206775,ROYSTERS T BONE STEAK,CRISPS & SNACKS,,,11.0,14.850000000000001,11,0.8
5020379187404,ES CHOC CHIP CKIE TWIN PM225,RETAIL GROCERY,,,11.0,24.75,11,1.0
34000109418,REESES NUT,CONFECTIONERY,,,11.0,13.75,10,0.72
3256540030794,LBRIOCHE PAIN AU CHOCOLATE X6,RETAIL GROCERY,,,11.0,24.09,11,0.08
5000328036908,WALKERS MAX PAPRIKA,CRISPS & SNACKS,,,11.0,14.850000000000001,10,0.8
5900951354991,Galxy Slted Crmel Blck PM169,CONFECTIONERY,,,11.0,18.59,11,1.08
8712100889233,WALLS SOLERO EXOTIC,ICE CREAM,,,11.0,20.79,9,0.85
5010478210882,S/MATLOW DRUMSTICK PM?1.15,CONFECTIONERY,,,11.0,12.649999999999999,9,0.55
4062139024483,7UP ZERO,SOFT DRINKS,,PARFETTS,11.0,14.850000000000001,10,0.754
5060148621128,AVANT NAT MIN WATER,SOFT DRINKS,,PARFETTS,11.0,5.39,10,0.16
7622210826053,MILKA OREO SANDWICH,CONFECTIONERY,,,11.0,25.19,11,1.0
5053990178490,Pringles BBQ PM299,CRISPS & SNACKS,,,11.0,32.89,11,1.31
5027952009542,ST.PIERRE 6 CHOC CREPES,CONFECTIONERY,,,11.0,4.4,5,1.0
5031915200297,SALADS LUXURY COLESLAW 300G,CHILLED FOODS,,,11.0,25.299999999999997,11,1.0
5053990185917,PRIN SOUR CREA&ONION1.25,CRISPS SNACKS & NUTS,,PARFETTS,11.0,13.75,10,0.6
5060466510531,RELENTLESS CHERRY,SOFT DRINKS,,,11.0,11.0,10,0.52
5060811386934,GRENADE CREME EGG 45G,CONFECTIONERY,,PARFETTS,11.0,27.39,8,0.78
8445292001441,AERO PISTACHIO BLOC 1.65,CONFECTIONERY,,PARFETTS,11.0,18.15,11,0.9827272727272728
5000168006024,MCVITIES ORIGINAL DIGS PM199,RETAIL GROCERY,,,11.0,21.89,11,1.36
5000159483049,BOUNTY BAR ICE CREAM,FROZEN,,PARFETTS,11.0,20.35,10,1.1
3057640406843,VOLVIC STRAWBERRY,SOFT DRINKS,,,11.0,21.89,10,0.17
59491009009,MRNOODDLES CHICKEN,RETAIL GROCERY,,,11.0,16.39,9,0.17
5010478477896,LOVE HEARTS LIPSTICK,CONFECTIONERY,,,11.0,5.39,7,1.0
5010052112861,MS Pork Scratchings,RETAIL GROCERY,,,11.0,19.25,9,0.77
5000118203503,POT NDLE CHICKENMUSHROOM,RETAIL GROCERY,,,11.0,19.25,6,0.08
5014379029833,San Miguel,ALCOHOL,,,11.0,39.489999999999995,7,1.72
5016096126710,PORK SCRATCHINGS,GROCERY,,,11.0,24.09,11,1.0
5016860001366,DELAMERE VANILLA MILK,CHILLED FOODS,,,11.0,17.490000000000002,10,0.9650000000000001
5012389670557,DUNNSRVR ORIG VANILLA NOURISH,FOOD TO GO,,,11.0,21.889999999999997,2,0.08
5000237207871,McCOYS SALTED CRIS £1.35,CRISPS SNACKS & NUTS,,PARFETTS,11.0,14.850000000000001,9,0.67
5060884852046,TRIP SICILIAN LEMON,SOFT DRINKS,,,10.0,20.0,9,1.0
4010352037407,HOW GERMAN SALAMI SELECT,CHILLED,,PARFETTS,10.0,16.9,10,1.25
5017353502889,GALPHARM GSL IBUPROFEN CAP18,HEALTH & BEAUTY,,,10.0,19.9,10,0.42000000000000004
1230000168045,FEASTABLES MILK CHOCOLATE,CONFECTIONERY,,,10.0,20.0,8,1.0
90496066,RED BULL S/FREE £1.70,SOFT DRINKS,,PARFETTS,10.0,17.0,9,0.7477777777777779
3057640602863,VOLVIC LEMON LIME,SOFT DRINKS,,PARFETTS,10.0,10.0,6,0.53
5054267016156,RIBENA SUMMER FRUIT 1.35,SOFT DRINKS,,PARFETTS,10.0,13.5,9,0.57
4251097405308,Peperami Hot,RETAIL GROCERY,,,10.0,10.0,9,0.69
5054267013810,LUCOZADE ALERT MANGO PEACH,SOFT DRINKS,,,10.0,10.0,10,0.462
5711953150548,S/B FRAPP COOKIES&CRM,SOFT DRINKS,,PARFETTS,10.0,22.0,8,1.5
5027291032201,HENLLEN CHOCOLATE CAKE,CAKES,,,10.0,39.900000000000006,10,1.0
5000328037271,WOTSITS REALLY CHEESY,CRISPS & SNACKS,,,10.0,13.5,10,0.8
5012035972011,HARIBO MILKSHAKE £1.25,CONFECTIONERY,,PARFETTS,10.0,12.5,10,0.54
5000328038261,CHEETOS TWIST CHEESE 49P,CRISPS SNACKS & NUTS,,PARFETTS,10.0,4.8999999999999995,5,0.29
8720182422293,Hellmanns Mayo Sqzy PM299,RETAIL GROCERY,,,10.0,29.900000000000002,10,2.2979999999999996
90493362,REDBULL SUM CURUBA £1.75,SOFT DRINKS,,PARFETTS,10.0,17.5,10,0.73
8003440927359,CHUPA CHUPS STRAWBERRY BELTS,CONFECTIONERY,,,10.0,12.5,10,0.7
5054267013032,ORANGINA £1.29,SOFT DRINKS,,PARFETTS,10.0,12.9,8,0.77
5054267015432,Ribena Blackcurrant PM135,RETAIL GROCERY,,,10.0,13.5,10,0.57
8002270196959,SANPELLEGINNO CHERRY &#38; LEMON 330ML,DEFAULT,,,10.0,17.9,7,1.0
5056357910368,MARS MILK NAS PM159,SOFT DRINKS,,,10.0,15.9,8,1.09
3068320055008,EVIAN MINERAL WATER,SOFT DRINKS,,,10.0,12.9,10,0.42000000000000004
8723400828785,Frttella Smply Strwbry PM125,CONFECTIONERY,,,10.0,12.5,10,0.67
5020379191784,ES BUTTERY SPREAD PM90,RETAIL GROCERY,,,10.0,9.0,9,1.0
5020379179751,ES SMK RNDLS BK BACON PM129,MEAT,,,10.0,12.9,7,1.0
3057067336327,OCB PAPERS & TIPS UNBLEACHED,SMOKING ACCESSORIES,,,10.0,18.5,9,0.5
5000246728725,ANCHOR BUTTER,CHILLED FOODS,,,10.0,30.9,10,1.9
5014379031416,CORONA 4 PK CAN 6.85,BEER LAGER,,PARFETTS,10.0,68.5,9,4.33
8934563220143,OH RICEY BEEF NOODLE,RETAIL GROCERY,,,10.0,17.5,9,1.0
34000217595,REESES DIPPED PRETZELS,BAKERY,,,10.0,44.900000000000006,10,1.0
5201054017012,TOTAL 0% GREEK YOGURT,RETAIL GROCERY,,,10.0,16.9,9,1.0
34000953424,REESES CHICOLAT,CONFECTIONERY,,,10.0,26.8,7,1.0
8723400799931,F/T BERRIES/CHER V ?1.25,CONFECTIONERY,,,10.0,12.5,9,0.67
5000237206577,DISCOS CHEESE & ONION,CRISPS & SNACKS,,,10.0,13.5,8,0.96
4000177031377,CAPRI SUN CHERRY £1.19,SOFT DRINKS,,PARFETTS,10.0,11.899999999999999,9,0.64
5000382124481,BARR LEMONADE,SOFT DRINKS,,PARFETTS,10.0,10.0,9,0.54
7622202245428,CADB CRUNCHY MELTS 1.65,CONFECTIONERY,,,10.0,16.5,10,1.0
5000168009162,JACOBS ORANGE CLUB £1.49,BISCUITS,,PARFETTS,10.0,14.9,10,0.9399999999999998
5010459005179,HUGHLAND SPARKLING,SOFT DRINKS,,,10.0,10.5,4,0.35
5010102346345,Robs Apple&Blkcrnt PM159,SOFT DRINKS,,,10.0,15.9,10,0.9
5011061105042,SCREAM BIG LICK BLU RAZ,CONFECTIONERY,,PARFETTS,10.0,10.0,9,0.57
5010102244962,TANGO ORANGE PM75 CAN,RETAIL GROCERY,,,10.0,7.5,9,0.37
5000112687439,JACK DAN COKE CHERY 2.59,ARTDS,,PARFETTS,10.0,25.9,6,1.46
5012035971953,Haribo Happy Cola PM125,CONFECTIONERY,,,10.0,12.5,9,0.73
5000328133034,SMITHS BCNFRIES 24X4CARD,CRISPS & SNACKS,,,10.0,10.0,8,0.10750000000000001
8720608036691,PG Tips PM175,RETAIL GROCERY,,,10.0,17.5,9,1.31
5449000081674,FANTA MANGO 300ML,SOFT DRINKS,,,10.0,14.0,8,1.0
5061013949736,Monster Aussie Lemnade,SOFT DRINKS,,,10.0,17.5,9,0.8999999999999999
5410438047990,YAZOO STRAWBERRY PM209,SOFT DRINKS,,,10.0,20.9,8,1.25
5027291083302,HENLLAN VANILLA SCHOOL CAKE,CAKES,,,10.0,27.5,10,1.0
5000382127789,BOOST SPORT RASPBERRY & MANGO,SOFT DRINKS,,PARFETTS,10.0,10.0,9,0.54
4009900580076,SKITTLES TROP SWT T/B £1,CONFECTIONERY,,PARFETTS,10.0,10.0,10,0.61
7622202342455,CADBURY OREO WHITE £1.95,CONFECTIONERY,,PARFETTS,10.0,19.5,10,1.25
5000168005966,FLIPZ MLK/CH PRETZ 1.49,CRISPS SNACKS & NUTS,,PARFETTS,10.0,14.9,9,0.94
5060072652182,CHEWITS SWEET CHERRY,CONFECTIONERY,,,10.0,6.8999999999999995,9,0.36
5033022002269,ICE VALLEY WATER,SOFT DRINKS,,,10.0,9.5,4,0.04
4062139024544,LIPTON ITEA LEMON £1.39,SOFT DRINKS,,PARFETTS,10.0,13.899999999999999,9,0.58
5060495116988,HUEL BANANA,SOFT DRINKS,,,10.0,35.0,8,2.055
80759096,CHUPA CHUPS FRUTTI,RETAIL GROCERY,,,10.0,6.0,9,0.3
5060004630004,POLAR PACK,FRUIT & VEG,,,10.0,27.9,10,1.0
5000112690835,FANTA GRAPE,SOFT DRINKS,,PARFETTS,10.0,14.0,10,0.77
7622202828232,CDM OREO CHOC BAR £1.75,CONFECTIONERY,,PARFETTS,10.0,17.5,10,1.102
7622202245442,Cad Milk Choc Fingers PM165,RETAIL GROCERY,,,10.0,16.5,10,1.02
5010511477227,PRINCESS PINKWHITE MMALLOWS,CONFECTIONERY,,,10.0,10.0,10,0.58
7622202342929,CADBURY TWIRL ORANGE PM99,CONFECTIONERY,,,10.0,9.9,10,0.61
8716003100037,CHERRY TOMATO P/P,FRUIT & VEG,,,10.0,19.9,8,1.0
5012035986599,Haribo Happy Cola Z!ng PM125,CONFECTIONERY,,,10.0,12.9,10,0.73
8711327667174,Magnum Utopia Double Hazelnt,FROZEN FOODS,,,10.0,25.9,8,1.36
8445291876330,Aero Giant Orange PM165,CONFECTIONERY,,,9.0,14.85,9,0.8999999999999999
5027291082510,HENLLAN TOFFEE MUFFIN,CAKES,,,9.0,17.91,8,1.0
30107014,OCB PREMIUM SLIM & TIPS,SMOKING ACCESSORIES,,,9.0,17.91,9,1.0
5012035997700,Haribo Bubblegum Bottles Zin,CONFECTIONERY,,,9.0,11.25,9,0.73
5000112684643,Sprite PM215,SOFT DRINKS,,,9.0,19.349999999999998,8,1.22
5010102352100,ROB F/SHT APPLE/BLCK 99P,SOFT DRINKS,,PARFETTS,9.0,8.91,8,0.48000000000000004
5000112684391,Coca Cola Zero Cherry PM140,RETAIL GROCERY,,,9.0,12.6,9,0.54
5027291080370,CHEESE&#38;ONION,COLD MEAT,,,9.0,28.349999999999998,9,1.0
5012035971991,HARI JELLY BEANS ?1.25,CONFECTIONERY,,,9.0,11.25,9,0.5911111111111111
5012035972165,Haribo Chamallows PM125,CONFECTIONERY,,,9.0,11.25,9,0.54
5054267012943,LUCOZADE ALERT TROPICAL,SOFT DRINKS,,,9.0,9.0,8,0.47625
5056357910382,MILKY WAY MILK DRINK PM159,SOFT DRINKS,,,9.0,14.31,8,1.09
5056267009886,COLGATE TRIPLE ACTION ?1,GROCERY,,,9.0,9.0,7,0.85
5000112684629,FANTA ORANGE ZERO PM140,SOFT DRINKS,,,9.0,12.6,9,0.82
5010459000969,H/S APPL B/CURRANT STILL,SOFT DRINKS,,PARFETTS,9.0,14.31,8,0.68
8003340808314,LINDOR BAR PISTACHI 1.20,DEFAULT,,,9.0,10.799999999999999,8,0.765
4250402400267,DFE HOTSPICY MTBALLS,CHILLED FOODS,,,9.0,9.0,6,0.13
5010438018930,Vimto NAS PM165,SOFT DRINKS,,,9.0,14.85,8,1.08
5027952016496,BAKER ST SEEDED BURGER BUNS,RETAIL GROCERY,,,9.0,19.349999999999998,9,1.0
5027291083029,MINI BAKEWELLSLICES,RETAIL GROCERY,,,9.0,24.21,9,0.08
5060925290752,HUEL BLACK EDITION CHOCOLATE,SOFT DRINKS,,,9.0,35.910000000000004,9,2.1933333333333334
5010052114162,TRANSFORM-A-SNACK BEEF,CRISPS & SNACKS,,,9.0,4.5,9,0.27
5060145180901,pilsner,ALCOHOL,,,9.0,29.25,4,1.0
7622202275623,Cadbury Crunchie PM89,CONFECTIONERY,,,9.0,8.01,9,0.55
5000112693669,COKE CHERRY 1.85,SOFT DRINKS,,PARFETTS,9.0,16.650000000000002,9,1.03
5000112688337,Coca Cola Classic M/Pk PM599,RETAIL GROCERY,,,9.0,53.910000000000004,9,3.83
5010102352049,ROB RTD RASP&APP PM1.19,SOFT DRINKS,,PARFETTS,9.0,10.709999999999999,9,0.68
8000500385098,KINDER BUENO CONE WHITE,ICE CREAM,,,9.0,26.910000000000004,7,1.0
5029578001085,OLD JAMAICA GINGER BEER,SOFT DRINKS,,,9.0,8.01,9,1.0
5054073095680,B/IN JAFFA CAKES PM £1.25,DEFAULT,,,9.0,11.25,9,1.0
5010455063135,HALLS SOOTHERS CHERRY,CONFECTIONERY,,,9.0,8.91,6,0.43
5010438023408,VIMTO FIZ NAS NB £1.25,SOFT DRINKS,,PARFETTS,9.0,11.25,8,0.62
7622300719654,MILKA CARAMEL CREAM 100G,CONFECTIONERY,,,9.0,20.25,8,1.0
5053990172221,Pringles S and V PM125,CRISPS & SNACKS,,,9.0,11.25,8,0.6
5053990181186,PRINGLES SOUR CR ONION PM299,CRISPS & SNACKS,,,9.0,26.910000000000004,9,1.31
5000159603645,Maltesers Treat Bag PM169,CONFECTIONERY,,,9.0,15.209999999999999,9,1.07
4010198023244,DFE TIKKA BITES,CHILLED FOODS,,,9.0,9.0,8,0.13
4017100936777,HIT COCOA CREME PM1.59,BISCUITS,,PARFETTS,9.0,14.31,8,1.12
5000382127345,CHERRYADE £1.39/2F £2.50,SOFT DRINKS,,PARFETTS,9.0,12.51,9,0.77
5000382127567,KA SPARKLING PINEAPPLE,SOFT DRINKS,,PARFETTS,9.0,10.709999999999999,7,0.66
5000382127741,BOOST SPORT MIXED BERRY,SOFT DRINKS,,PARFETTS,9.0,9.0,6,0.53
615357000490,YORKSHIRE TEA 40S £2.35,GROCERY FOOD,,PARFETTS,9.0,21.150000000000002,9,1.5966666666666667
5060296563202,DEX APPLE PENCIL PM ?1,CONFECTIONERY,,,9.0,9.0,9,0.8133333333333334
7622202245664,OREO ORIGINAL PM129,RETAIL GROCERY,,,9.0,11.61,9,0.8999999999999999
7622202245503,Mikado Mlk Choc Biscuit PM99,RETAIL GROCERY,,,9.0,8.91,9,0.64
5000168000862,Jacobs Cream Crackers PM179,RETAIL GROCERY,,,9.0,16.11,9,1.4
5000168006383,McV BOURBON CREAMS P1.35,BISCUITS,,PARFETTS,9.0,12.15,7,1.02
7622202341694,CAD 4PK BOOST £1.99,CONFECTIONERY,,PARFETTS,9.0,17.91,8,1.31
5000382128229,RUBICON MANGO 85P,SOFT DRINKS,,PARFETTS,9.0,7.6499999999999995,9,0.44
5010975010022,TUNNOCKS CHOC CARAMEL WAFERS,RETAIL GROCERY,,,9.0,14.85,8,0.85
72417330018,ML DBL CHOC COOKIE ?1.59,DEFAULT,,,9.0,14.31,9,1.06
5000168006246,McVities Drk Choc Digs PM225,RETAIL GROCERY,,,9.0,20.25,9,1.07
5000159603676,Revels Choco Treat Bag PM169,CONFECTIONERY,,,9.0,15.209999999999999,9,1.07
5059944009858,JKS GTD MTUR CHDRPM249 2/400,RETAIL GROCERY,,,9.0,22.410000000000004,8,1.0
5000112688313,DIET COKE PM £4.50 8PK,SOFT DRINKS,,PARFETTS,9.0,40.5,9,2.1766666666666667
5010052114155,TRANSFORM-A-SNACK SAUCY BBQ,CRISPS & SNACKS,,,9.0,4.5,8,0.27
5449000125019,OASIS CITRUS PUNCH,SOFT DRINKS,,,9.0,20.25,9,1.07
898999011073,VITACOCO PRESSED,RETAIL GROCERY,,,9.0,17.91,9,1.0
5010029228922,WEETABIX,CRISPS & SNACKS,,,9.0,33.21,9,2.27
5060072652175,CHEWITS BLUE RASPBERRY,CONFECTIONERY,,,9.0,6.209999999999999,8,0.36
5000116130160,B/EYE GARDEN PEAS PM1.90,FROZEN,,PARFETTS,9.0,17.099999999999998,8,1.49
5000157150745,HEINZ BAKED BEANS PM1.10,GROCERY FOOD,,PARFETTS,9.0,9.9,7,0.9
8006540994290,Fairy Original WUL PM129,RETAIL GROCERY,,,9.0,11.61,7,0.83
4062139024513,7UP ZERO PINK LEMONADE,SOFT DRINKS,,PARFETTS,9.0,12.15,9,0.7522222222222221
5035766064893,Red Stripe,ALCOHOL,,,9.0,71.91,9,5.21
5017375071059,VIMTO JELLY BABIES £1,CONFECTIONERY,,PARFETTS,9.0,9.0,8,0.59
3155930005568,DESPERADOS,ALCOHOL,,,9.0,44.910000000000004,5,0.17
50249466,SMARTIES HEXATUBE,CONFECTIONERY,,,9.0,10.35,8,0.66
24354200701,AD,BAKERY,,,9.0,11.25,8,0.46
5901356072732,TAGO WAFERS ROLLS PISTACHIO,CONFECTIONERY,,,9.0,10.709999999999999,9,0.85
8888056603930,KOKA BEEF NOODLES,GROCERY,,,9.0,6.209999999999999,6,1.0
5901356070998,tago wafers,CONFECTIONERY,,,9.0,10.709999999999999,9,1.0
90493379,REDBULL SF PINK £1.70,SOFT DRINKS,,PARFETTS,9.0,15.299999999999999,8,0.73
8850999021201,SINGHA UME LEMON SODA,SOFT DRINKS,,,9.0,14.309999999999999,5,1.0
8716101069724,HG PASTA SAL PESTO & CHEESE,CHILLED FOODS,,,9.0,21.51,6,1.0
5025840006994,GRAHAMS COTTAGE CHEESE,CHILLED,,,9.0,25.650000000000002,9,1.0
5000328029337,CHTS TW FIE JAL & CH 49P,CRISPS SNACKS & NUTS,,PARFETTS,9.0,4.41,9,0.29
5000289939201,GORDON & TONIC CAN £2.25,ARTDS,,PARFETTS,9.0,20.25,5,1.278
5740031419031,PABLO SILVER KIWI,TOBACCO,,,9.0,53.910000000000004,8,1.0
5000237206058,KP SP/RAIDERS S/BBQ 50P,CRISPS SNACKS & NUTS,,PARFETTS,9.0,4.5,6,0.3
5012035985172,Haribo Maoam Pinball PM125,CONFECTIONERY,,,9.0,11.25,9,0.6677777777777778
5027291032157,BAKEWELL CAKE,CAKES,,,9.0,35.910000000000004,9,0.1
3664346354363,TRRYS CH ORG TABLET 1.50,CONFECTIONERY,,PARFETTS,8.0,12.0,7,0.9799999999999999
5012035999605,Haribo Nostalgix PM125,CONFECTIONERY,,,8.0,10.0,8,0.5875
5027291010551,BREAD,BAKERY,,,8.0,12.72,8,1.0
8718531780286,DFE SPICY PRK SAUS PM?1,BAKERY,,,8.0,8.0,7,0.5
8716000970589,PASSOA PASSION FRUIT MARTINI 25CL,ALCOHOL,,,8.0,23.92,6,1.0
5711953145278,STARBUCKS FRAPPUCINO CARAMEL,SOFT DRINKS,,,8.0,18.0,8,1.4375
5410126696363,LOTUS BISC SW CREAM 1.85,RETAIL GROCERY,,,8.0,14.8,8,1.31
5410228292081,CORONA CERO,ALCOHOL,,,8.0,47.92,7,2.6699999999999995
5000328036939,WALKERS MAX HOT CHICKEN WINGS,CRISPS & SNACKS,,,8.0,10.8,8,0.8
5410316970518,SMIRNOFF CRSH MANGO PECH,ARTDS,,PARFETTS,8.0,26.32,8,1.89
5014379013061,STELLA ARTOIS,ALCOHOL,,,8.0,55.12,8,3.67
34000252183,HERSHY&#39;S CARAMEL BIG CUPS 79G,CONFECTIONERY,,,8.0,22.8,8,1.0
9322214011520,YELLOW TAIL SAUVIGNON BLANC,ALCOHOL,,,8.0,79.92,8,5.49
3057640535468,VOLVIC TOF MANGO,SOFT DRINKS,,,8.0,15.12,8,0.17
90493485,RBULL WTR APPLE GB £1.75,SOFT DRINKS,,PARFETTS,8.0,14.0,7,0.7299999999999999
8002371008052,ANTONELLI MAXI CROISSIANT CHOCOLATE CREAM,BAKERY,,,8.0,7.92,8,0.4
4062139024278,PEPSI DIET,SOFT DRINKS,,PARFETTS,8.0,11.12,8,0.76
4062139024360,PEPSI CREAM SODA,SOFT DRINKS,,PARFETTS,8.0,11.6,8,0.76
4062139015139,PEPSI MAX CHERRY PM85 CAN,SOFT DRINKS,,,8.0,6.8,8,0.37625
8410525149801,FINI B/RASPBERRY ROLLERS,CONFECTIONERY,,,8.0,10.0,8,1.0
5010578004039,L/F DOUBLE CREAM,CHILLED FOODS,,,8.0,17.2,7,1.0
5010478250451,Squashies Sour Chry/AppPM115,CONFECTIONERY,,,8.0,9.2,7,0.54
5059630004976,GL T/HAND REF SACK ?1.39,CARRIER BAG,,,8.0,11.12,7,0.54
5000435010778,GOLDEN VIRGINIA 30G,TOBACCO,,,8.0,229.1,8,1.0
5000166032223,PEDIGREE DOG TIN BEEF GRAVY,NON FOOD,,,8.0,14.32,5,1.01
5060188693246,G/ACRE THICK FRUIT YOG,CHILLED,,PARFETTS,8.0,5.6,6,0.49
5060137770691,POM WONDERFUL 710ML,SOFT DRINKS,,,8.0,23.92,7,1.0
5000112692501,DR PEPPER CREAM SWIRL,SOFT DRINKS,,,8.0,11.2,8,0.77
5000112688276,DR PEPPER ZERO CHERRY,SOFT DRINKS,,,8.0,11.2,8,0.77
8000500310397,NUTELLA BISCUITS T12,BISCUITS,,PARFETTS,8.0,22.32,8,1.79
5010102352070,ROB F/SHT ORANGE L/S 99P,SOFT DRINKS,,PARFETTS,8.0,7.92,7,0.45
764253950641,MCGUIGAN BLK.LABEL P/GRIG,ALCOHOL,,,8.0,75.92,6,0.17
5053990177899,CHEEZIT CHILLI CHEESE PM125,RETAIL GROCERY,,,8.0,10.0,8,1.0
5053990178520,PRINGLES CHEESE ONION PM299,RETAIL GROCERY,,,8.0,23.92,8,1.31
50375301,KLEENEX BALSAM HANKS SINGLES,HOUSEHOLD SUNDRIES,,,8.0,5.52,6,0.06
5010438023323,VIMTO FIZZY PM1.69,SOFT DRINKS,,PARFETTS,8.0,13.52,8,0.84
5029106000498,D SLICED MILD WHITE CHED,CHILLED,,PARFETTS,8.0,19.92,8,1.79
5011053013591,TOPPS JUICY DROP POP *,CONFECTIONERY,,,8.0,14.32,8,1.0
5011061162236,ZED TROPIC JAWBREAKERS PM50,CONFECTIONERY,,,8.0,4.0,8,0.31
7622202275678,CADBURY DAIRY MILK MARVELLOU,CONFECTIONERY,,,8.0,7.12,8,0.55
7622202299896,Maynards Bstts Frt Mix PM135,CONFECTIONERY,,,8.0,10.8,8,0.82
5000382129448,BARR BERRY BLAST £1,SOFT DRINKS,,PARFETTS,8.0,8.0,8,0.52
5000382128342,IRN BRU ZERO 85P,SOFT DRINKS,,PARFETTS,8.0,6.8,5,0.44000000000000006
5060296563264,DEX S/BERRY PENCIL PM ?1,CONFECTIONERY,,,8.0,8.0,8,0.7375
5060464503184,FLAMINGO PARACETAMOL CAPS,HEALTH & BEAUTY,,,8.0,15.92,8,1.0
5000168005980,McVITIES RICH TEA £1.99,BISCUITS,,PARFETTS,8.0,15.92,8,1.36
80830979,KINDER MEDIUM BAR PM50,CONFECTIONERY,,,8.0,4.0,4,0.32
80050278,FERRERO ROCHER T3 FLOW WRAP,RETAIL GROCERY,,,8.0,12.4,6,0.91
850035474105,Buzz Ballz Strawberry Rita,ALCOHOL,,,8.0,39.12,6,2.58
5000159603799,GALAXY MINSTREL T/B 1.69,CONFECTIONERY,,PARFETTS,8.0,13.52,8,1.07
5000382127765,BOOST SPORT TROPICAL BERRY,SOFT DRINKS,,PARFETTS,8.0,8.0,7,0.54
5000382127802,BOOST SPORT CLOUDY LEMON,SOFT DRINKS,,PARFETTS,8.0,8.0,8,0.58
72417199707,JAMMIE DODGERS RAS,RETAIL GROCERY,,,8.0,10.32,8,0.82
72417330001,ML CHOC&NUT COOKIE ?1.59,RETAIL GROCERY,,,8.0,12.72,8,1.06
4010198030631,DFE Frankfurter PM100,RETAIL GROCERY,,,8.0,8.0,6,0.75
4010352038107,DFE SLCD SLMI MILAN PM1,CHILLED FOODS,,,8.0,8.0,8,0.13
4025500278090,MULLERICE STRAWBERRY,CHILLED,,,8.0,8.8,7,1.0
5410316986489,SMIRNOFF,ALCOHOL,,,8.0,22.32,2,1.47
7501064193125,Modelo Especial,ALCOHOL,,,8.0,63.92,8,1.9
5060925290837,HUEL VITAMIN CHERRY/RASPBRY,SOFT DRINKS,,,8.0,15.92,8,1.0
5061083300062,SHADES SOURS ULTIMATE VIBE,RETAIL GROCERY,,,8.0,15.92,8,1.0
5012035971878,HARIBO BALLA STICKS PM1.25,CONFECTIONERY,,,8.0,10.0,7,1.0
8445291683303,NESCAFE ORIGINAL 95G PM419,CONFECTIONERY,,,8.0,33.52,8,3.01
8423735000015,CELLAR SHORT,GROCERY,,,8.0,15.92,7,1.0
4251097402888,Jack Links Beef Jerky Orig,CRISPS & SNACKS,,,8.0,14.32,8,1.04
8000500461242,KINDER BUENO WHITE 89P,CONFECTIONERY,,PARFETTS,8.0,7.12,8,0.59
8002371007666,MAXI CROSSIANT CHOCOLATE CREAM,CAKES,,,8.0,8.8,6,1.0
5054267015609,Ribena Blackcurrant PM75,RETAIL GROCERY,,,8.0,6.0,7,0.4
8003440927939,CHUPA CHUPS PINKIS £1.25,CONFECTIONERY,,PARFETTS,8.0,10.0,8,0.72
5056079901170,BOOST ENERGY CHERRY,SOFT DRINKS,,,8.0,6.0,8,0.36
5000112684650,SPRITE ZERO £1.40,SOFT DRINKS,,PARFETTS,8.0,11.2,7,0.7700000000000001
5000112684315,COCA COLA ZERO,SOFT DRINKS,,,8.0,11.2,8,0.54
5000112684339,Coca Cola Classic PM179,RETAIL GROCERY,,,8.0,14.32,7,1.01
5018297013462,TAKIS SMOKING BBQ £1.25,CRISPS SNACKS & NUTS,,PARFETTS,8.0,10.0,7,0.71
90493751,RED BULL SPR CHRRY 2.80,SOFT DRINKS,,,8.0,22.4,8,1.7
90493423,RED BULL EDTION CHERRY PM175,SOFT DRINKS,,,7.0,12.25,7,0.7299999999999999
90493560,RED BULL RUBY EDIT £1.75,SOFT DRINKS,,PARFETTS,7.0,12.25,7,0.7299999999999999
5016840000129,HIGH COMMISSIONER WHISKY,SPIRITS,,PARFETTS,7.0,76.93,6,7.0
5414150411152,BARISTA LATTE PM £1.10,SOFT DRINKS,,PARFETTS,7.0,7.700000000000001,7,0.6
5449000121134,DRPEPPER ZERO,SOFT DRINKS,,,7.0,12.950000000000001,7,1.0
5410438048034,YAZOO BANANA £2.09,SOFT DRINKS,,PARFETTS,7.0,14.629999999999999,7,1.25
5410438048010,YAZOO CHOCOLATE £2.09,SOFT DRINKS,,PARFETTS,7.0,14.629999999999999,6,1.25
5014379030600,Budweiser 4x568ml PM759,ALCOHOL,,,7.0,53.129999999999995,7,4.42
5014379030631,CORONA 4 PACK PM6.99,ALCOHOL,,,7.0,48.93,6,3.75
5019312082036,CT DD PEPPERONI PIZZA PM250,FROZEN FOODS,,,7.0,17.5,6,0.08
5017764005757,KET TORT S/C S/C 1.39,CRISPS SNACKS & NUTS,,,7.0,9.729999999999999,7,1.0
5010186020070,HARDYS VR PINOT GRIGIO,ALCOHOL,,,7.0,66.43,6,4.405
5010134923552,ECHO FALLS BLUE RASPBRRY,WINE,,PARFETTS,7.0,62.93000000000001,5,4.59
5014201701715,H W Signature Vintage Cider,ALCOHOL,,,7.0,24.43,4,1.69
5014201701845,HENRY WESTONS VINTAGE ROSE,ALCOHOL,,,7.0,22.33,5,1.0
8002230340651,APEROL SPRITZ CANS,ALCOHOL,,,7.0,20.93,4,1.0
5054267015074,Ribena Bl/currant Cord PM169,SOFT DRINKS,,,7.0,11.83,7,1.12
5010605295164,RENNIE GSL SPEARMINT *,HEALTH & BEAUTY,,,7.0,27.93,6,1.0
7622202828270,CDM CHOPPED NUT BAR 1.75,CONFECTIONERY,,PARFETTS,7.0,12.25,7,1.11
5010052115985,MARMITE CHEESE PUF £1.25,CRISPS SNACKS & NUTS,,PARFETTS,7.0,8.75,6,0.7200000000000001
5010052114179,TRANSFORM-A-SNACK CHEESE & ONION,CRISPS & SNACKS,,,7.0,3.5,7,0.27
8000500425183,NUTELLA ICE CREAM TUB,ICE CREAM,,,7.0,41.93,7,1.0
5000112688320,COCA COLA ZERO 8PK £4.50,SOFT DRINKS,,PARFETTS,7.0,31.5,7,2.3028571428571425
7622202267482,7 DAYS OREO CROISSANT,BREAD & CAKES,,PARFETTS,7.0,7.0,6,0.49
8000500417348,EAT NAT CRANBRRY MAC DRKCHOC,CONFECTIONERY,,,7.0,8.05,3,1.0
4791034071963,MALIBAN CUSTARD CREAM 200G,RETAIL GROCERY,,,7.0,6.23,7,1.0
4791034017015,MAL LEMON PUFF 200G,RETAIL GROCERY,,,7.0,6.23,6,1.0
5053990194629,PRIN BK CHICK ROYALE £2,CRISPS SNACKS & NUTS,,PARFETTS,7.0,14.0,7,1.33
615357000414,YORKSHIRE TEA DECAF 2.49,GROCERY FOOD,,PARFETTS,7.0,17.43,7,1.86
5391115000821,NOMADIC OAT CLUSTER CHOC YOG,CHILLED FOODS,,,7.0,12.530000000000001,7,0.7
682430179206,VOSS TANGERINE LEMON GRASS SPARKLING WATER,SOFT DRINKS,,,7.0,17.5,7,1.0
5391527000716,G/FELLAS DP PEPPNI PM?2.99,FROZEN,,,7.0,20.93,7,1.0
5410438047952,YAZOO BANANA £1.39,SOFT DRINKS,,PARFETTS,7.0,9.729999999999999,7,0.88
8711327637696,B&J Cookie Dough IC,FROZEN FOODS,,,7.0,45.85,5,3.45
850035474051,BUZZBALL LOTTA COLADA,ALCOHOL,,,7.0,34.23,5,1.0
5027291081025,HEN CHICKEN TIKKA PIE,COLD MEAT,,,7.0,22.75,7,1.0
8445291868472,Kit Kat 4F Milk PM89,CONFECTIONERY,,,7.0,6.23,6,0.52
5027291040558,HENLLAN TRIFLE,DEFAULT,,,7.0,18.83,7,1.0
5027291080004,HENLLEN COFFEE CAKE,BAKERY,,,7.0,27.93,6,1.0
5011273047048,ROWS SQ LT&MD HONEY 2.69,GROCERY FOOD,,PARFETTS,7.0,18.83,7,2.12
5027291032409,HELLAN FRUIT CAKE,CONFECTIONERY,,,7.0,27.93,7,1.0
5060926502182,AU VODKA JUICY PEACH 330ML,ALCOHOL,,,7.0,27.93,5,1.0
5000159603485,M&MS PEANUT TREAT BAG PM169,CONFECTIONERY,,,7.0,11.83,7,1.0614285714285716
6942417284984,SKE 600 KIWI P/F.GUA.KIT,VAPES,,,7.0,42.0,7,1.0
5027952015703,ST PIERRE PAIN AU CHOC,BAKERY,,,7.0,16.45,7,1.0
5011061162229,Z BLU RZZ J/BREAKERS 50P,CONFECTIONERY,,PARFETTS,7.0,3.5,7,0.28
6942417284878,SKE BAR 600 CHR ICE COMP,VAPES,,,7.0,42.0,7,1.0
7312040340132,MALIBU COCO & P/APP 2.19,ALCOHOL,,,7.0,15.33,5,1.21
4060800310033,7up Zero PET PM199,SOFT DRINKS,,,7.0,13.93,6,1.25
5029106000399,DEWLAY SLIC MAT WHI CHED,CHILLED,,PARFETTS,7.0,16.45,7,1.75
5029788200643,AANI PISTACHIO FLAVOUR FALUDA 290ML,CHILLED FOODS,,,7.0,13.93,7,1.0
5010933011207,CHEWITS STRAWBERRY,CONFECTIONERY,,,7.0,4.83,5,0.36
8413178425100,VIDAL SOUR MEDLEY £1.15,CONFECTIONERY,,PARFETTS,7.0,8.049999999999999,6,0.67
5000394176027,DURACELL AA PLUS,RETAIL GROCERY,,PARFETTS,7.0,33.25,6,2.39
8008440246066,Asahi Super Dry,ALCOHOL,,,7.0,29.330000000000002,5,1.8199999999999998
4062139007677,LAYS RED PAPRIKA,CRISPS & SNACKS,,,7.0,18.83,7,1.0
4062139024421,PEPSI REGULAR,SOFT DRINKS,,PARFETTS,7.0,10.15,7,0.83
8445290622624,Fruit Pastilles Bag PM125,RETAIL GROCERY,,,7.0,8.75,7,0.74
5000116128563,F/JACKS YORK PUD £1.89,FROZEN,,PARFETTS,7.0,13.229999999999999,3,1.3500000000000003
5010478390058,SOUR CHRRY&APPLE 69P,CONFECTIONERY,,PARFETTS,7.0,4.83,7,0.28
5035766185871,FOSTERS 4 PACK £6.49,BEER LAGER,,PARFETTS,7.0,45.43,7,3.6699999999999995
5000112684506,SPRITE LEMON-LIME,SOFT DRINKS,,,7.0,9.799999999999999,6,0.77
5059630004273,BURGER BUNS,RETAIL GROCERY,,,7.0,11.83,7,1.15
5059630007250,GL TONIC WATER 89P,SOFT DRINKS,,PARFETTS,7.0,6.23,5,0.37
5059630006666,GO LOCAL SPAGHETTI 1.19,GROCERY FOOD,,PARFETTS,7.0,8.33,7,0.75
5000295145139,CATHEDRAL CITY SLICED,CHILLED,,,7.0,23.03,6,1.0
5000328043838,DORITOS 3D NACHO CHEESE,CRISPS SNACKS & NUTS,,PARFETTS,7.0,9.450000000000001,7,0.9400000000000001
5063249304167,JACKS DRY RSTD  PM85 2/135,RETAIL GROCERY,,,7.0,5.95,7,1.0
5063249304204,JACKS HNYRST PNUT PM85 2/135,RETAIL GROCERY,,,7.0,5.95,6,1.0
5060926500607,AU VODKA CHERRYADE RTD,ALCOHOL,,,7.0,24.5,4,1.67
8716101070652,MIXED GREEK OLIVES,CHILLED FOODS,,,7.0,19.95,7,1.0
8717202270064,CHERRY TOMETOES,DEFAULT,,,7.0,13.93,7,1.0
5904917031261,J/B TURBO VENTILATOR,CONFECTIONERY,,PARFETTS,7.0,10.43,6,0.79
1210002009225,TROP ORAN SMOOTH LL 2.95,CHILLED,,PARFETTS,7.0,20.650000000000002,5,1.8799999999999997
1230000131742,Nerds Gummy Cluster Berry PM,CONFECTIONERY,,,7.0,17.5,6,0.93
90493720,R/BULL ENE COCONUT £1.75,SOFT DRINKS,,PARFETTS,7.0,12.25,7,0.9785714285714285
5012136000286,CRMTN OAKS PINT 4PK 5.19,CIDER,,PARFETTS,7.0,36.330000000000005,6,2.8800000000000003
5012397033337,CLIPPER,TOBACCO,,,7.0,13.93,7,1.0
8682213101785,PISTACHIO,RETAIL GROCERY,,,7.0,6.93,3,1.0
8711327370708,BJERRYS CHOCO FUDGE BROWNIE,ICE CREAM,,,7.0,48.93,7,0.13
5000171057716,J WEST TUNA STEAK SF OIL,DEFAULT,,,7.0,17.5,6,1.0
5000213027714,GUIN DRAUGHT 0% 4PK 5.99,BEER LAGER,,PARFETTS,7.0,41.93,6,3.75
5061064444020,PIXL NCSALTS BLU.BERRY RASPBERRY,VAPES,,,7.0,20.93,2,1.0
8445291762572,NEST JELLY TOTS £1.25,CONFECTIONERY,,PARFETTS,7.0,8.75,7,0.74
5060151180766,CLAY OVEN BAKERY NAAN,CHILLED FOODS,,,6.0,12.899999999999999,6,1.0
7622202815676,MAYNARDS JELLY BABIES £1,CONFECTIONERY,,PARFETTS,6.0,6.0,5,0.52
5056784914601,MONSTER ULTRA 4 PK £5.49,SOFT DRINKS,,PARFETTS,6.0,32.94,6,3.1
8000430133035,GALBANI MOZZARELLA,CHILLED FOODS,,,6.0,12.54,5,0.17
8000500418208,NUTELLA H/NUT CHOC SPD PM369,RETAIL GROCERY,,,6.0,22.14,6,2.9599999999999995
5019312089448,CT THIN MEAT FEAST PM275,FROZEN FOODS,,,6.0,16.5,5,1.0
5019312089431,CT THIN TRP CHSE PIZZA PM275,FROZEN FOODS,,,6.0,16.5,5,1.0
5020628004391,Thatchers Blood Orange PM679,ALCOHOL,,,6.0,40.74,6,4.4
8857126105124,YOUNGER FARM SOUR CREAM AND ONION,CONFECTIONERY,,,6.0,11.94,6,1.0
5019029341167,WHLE CKD BEETROOT 4PK,FRUIT & VEG,,,6.0,7.199999999999999,6,0.06
5010102352131,F/SHT SUMMR FRT LS 99P,SOFT DRINKS,,PARFETTS,6.0,5.9399999999999995,6,0.53
5056079901132,BOOST ENERGY ORIGINAL,SOFT DRINKS,,,6.0,4.5,5,0.36
5054563060471,PIRITEZE GSL ALLERGY,HEALTH & BEAUTY,,,6.0,26.94,6,0.17
5016049703715,PRIMULA SOUR CREAM  CHIVE,CHILLED FOODS,,,6.0,8.7,5,0.08
5016840164203,GLENS VODKA PM £9.99,SPIRITS,,PARFETTS,6.0,59.94,6,6.669999999999999
34000937820,REESES,CONFECTIONERY,,,6.0,5.699999999999999,6,1.0
8801073216969,BULDAK POT NOODLE,GROCERY,,,6.0,18.0,6,1.0
5411188099154,ALPRO SIMPLY PLAIN,CHILLED FOODS,,,6.0,15.899999999999999,6,1.0
766200886010,BIGGA FRUIT PUNCH,SOFT DRINKS,,,6.0,10.5,6,0.94
5059319036748,KELLOGG BRAN FLAKES 3.49,GROCERY FOOD,,PARFETTS,6.0,20.94,6,2.75
5059319036861,CRUNCHY NUT PM £3.69,GROCERY FOOD,,PARFETTS,6.0,22.14,6,2.8800000000000003
4251097420165,PEPERAMI ORIGINAL PM125,RETAIL GROCERY,,,6.0,7.5,4,1.0
42247340,WRIGLEY EXTRA WHT BUBLEMINT,CONFECTIONERY,,,6.0,5.1,6,0.36999999999999994
5010238021994,CADBURY FLAKE TUB IC,ICE CREAM,,,6.0,41.94,6,1.0
5010438023392,VIMTO FIZZY NB £1.25,SOFT DRINKS,,PARFETTS,6.0,7.5,6,0.62
5054073094652,JUMBO KITCHEN TOWEL,HEALTH & BEAUTY,,,6.0,7.74,5,1.0
5053990178551,Pringles Prn Cocktail PM299,CRISPS & SNACKS,,,6.0,17.94,6,1.6033333333333335
5053990182985,PRINGLES STEAK PM2.99,CRISPS & SNACKS,,,6.0,17.94,6,1.75
5050028388784,TYPHOO LEMON ICED TEA,SOFT DRINKS,,,6.0,7.5,6,1.0
8002270018213,SAN PELLEGRINO,RETAIL GROCERY,,,6.0,11.94,4,1.0
5000112669657,Coca Cola Zero PM199,SOFT DRINKS,,,6.0,11.94,6,1.08
5000112662139,COKE CHERRY PM?2.49,RETAIL GROCERY,,,6.0,14.940000000000001,5,1.6
3057640319648,VOLVIC STRAWBERRY SUGAR FREE,SOFT DRINKS,,,6.0,9.3,6,0.64
5014379031256,San Miguel PM799,ALCOHOL,,,6.0,47.94,6,5.21
9311471890603,NOT GUILTY PINOT GRIGIO,WINE,,PARFETTS,6.0,34.74,5,3.5
9322214006205,YELLOW TAIL CHARDONNAY,ALCOHOL,,,6.0,59.94,6,5.663333333333334
9310415013207,McGUIGAN PINOT GRIGIO,ALCOHOL,,,6.0,47.94,4,1.0
5000112693645,FANTA ORANGE 90P,SOFT DRINKS,,PARFETTS,6.0,5.4,3,0.38999999999999996
5010549016542,Old Speckled Hen,ALCOHOL,,,6.0,17.94,2,1.56
5000143958638,BH SKY BLUE KS20,TOBACCO,,,6.0,93.0,6,0.07
5000112693621,FANTA FRUIT TWIST 90P,SOFT DRINKS,,PARFETTS,6.0,5.4,6,0.38999999999999996
5000157150837,HZ SOUP TOMATO PM189,CONFECTIONERY,,,6.0,11.34,6,1.33
5059630004853,GO LOCAL FOIL 300MM 1.39,HOUSEHOLD / LAUNDRY,,PARFETTS,6.0,8.34,6,0.64
5059630005799,GL ORANGE CORDIAL PM £1,SOFT DRINKS,,PARFETTS,6.0,6.0,6,0.48
5010034013803,BENS ORIG MEX RICE RTH,RETAIL GROCERY,,,6.0,16.14,5,1.0
5000168006062,McVities Jaffa Cakes PM149,RETAIL GROCERY,,,6.0,8.94,6,1.07
5000159604901,KIND MILK&WHITE CHOC BAR,CONFECTIONERY,,,6.0,9.899999999999999,4,1.0
5000382123590,BOOST ENERGY BLUE RASPBERRY,SOFT DRINKS,,,6.0,4.5,6,0.36000000000000004
5060925293500,HUEL VITMIN BLUE RASPBERRY,CHILLED,,,6.0,11.94,5,1.0
716165284888,RAW BLACK CONNOISSEUR,TOBACCO,,,6.0,13.14,6,1.0
7312040340118,MALIBU STRAWBERRY DAIQ,ALCOHOL,,,6.0,13.14,4,1.21
70177093402,TWIN RASP&STRAW TEABAGS,GROCERY FOOD,,PARFETTS,6.0,16.14,3,2.32
7021930010566,VOSS WATER PLUS 24X500ML STI,GROCERY,,,6.0,8.7,5,1.0
8593893786394,ROWNTREES RANDOMS BAG PM125,CRISPS & SNACKS,,,6.0,7.5,6,0.7399999999999999
4025500294489,MY PROTEIN DRINK CHOCOLATE,CHILLED,,,6.0,21.0,6,1.0
4014400925319,WERTHERS CARAMEL POPCORN,CRISPS SNACKS & NUTS,,PARFETTS,6.0,17.94,5,2.0
7622202342493,BOURNVILLE PM£1.95,CONFECTIONERY,,PARFETTS,6.0,11.7,6,1.17
5060239772043,F/JACK GARLIC SLICE 1.49,CONFECTIONERY,,,6.0,8.94,6,1.0
5030104005088,J/MANS HONEY & LEMON,CONFECTIONERY,,PARFETTS,6.0,6.540000000000001,5,0.65
5027291083319,H/L CHOCOLATE SCHOOL CAKE,CAKES,,,6.0,16.14,6,1.0
850035474464,BUZZBALL PORNSTAR MARTINI,ALCOHOL,,,6.0,29.34,5,1.0
5060389930348,HAYFIELDS LEICESTER,BAKERY,,,6.0,17.94,6,1.0
5060296563356,DEX FIZ RAINBW PNC PM ?1,CONFECTIONERY,,,6.0,6.0,6,1.0
5060391629513,Hartleys Strawberry PM199,RETAIL GROCERY,,,6.0,11.94,6,1.4799999999999998
5031396082450,Vimto Juicy Mix Ups PM125,CONFECTIONERY,,,6.0,7.5,6,0.8000000000000002
5035251001303,L/FARM GREEK STYLE YOGURT,GROCERY FOOD,,,6.0,17.94,6,1.0
7622202276118,CDM Caramel Nibbles PM169,CONFECTIONERY,,,6.0,10.14,6,1.05
8410076901118,NATURE VLY PNUTCHOC PM100,RETAIL GROCERY,,,6.0,6.0,3,0.42
5035766066286,Desperados,ALCOHOL,,,6.0,53.94,6,4.92
4062139024452,7UP REGULAR,SOFT DRINKS,,PARFETTS,6.0,8.100000000000001,6,0.73
4062139024728,Pepsi Max Cherry PM219,SOFT DRINKS,,,6.0,13.14,6,0.98
8002371008045,MAXI CROSS/PISTA80G,BAKERY,,,6.0,4.5,4,1.0
8004260014175,NICKY HOUSEHOLD KT PM?1.49,HOUSEHOLD SUNDRIES,,,6.0,8.94,6,0.77
5060656827562,ELUX LIQUID CHERRY ICE,VAPES,,,6.0,23.94,5,1.0
5060530330195,RICE PUDDING,DELI,,,6.0,17.94,5,1.0
5000393085092,VELO FREEZING PEPPERMINT,VAPING & POUCHES,,PARFETTS,6.0,39.0,6,4.1
5000394142190,DURACELL PLUS 9V,HOUSEHOLD / LAUNDRY,,PARFETTS,6.0,28.5,4,2.39
5059630005768,GL AP&BLK CORDIAL PM £1,SOFT DRINKS,,PARFETTS,6.0,6.0,5,0.58
7610113022603,Bacardi Mango Mojito,ALCOHOL,,,6.0,16.740000000000002,6,1.29
7622201728939,Philadelphia Original PM225,CHILLED FOODS,,,6.0,13.5,6,1.91
5000185117277,EASY WASH UP LIQ ORI 79P,HOUSEHOLD SUNDRIES,,,6.0,4.74,6,1.0
7622202262449,MILKA CHOCOLATE HAZELNUT 90G,CONFECTIONERY,,,6.0,16.14,6,1.0
5061026753467,ELUX LIQUID JUICY PEACH,VAPING & POUCHES,,PARFETTS,6.0,23.94,4,1.29
5000328041964,DORITOS GOLD SRIRACHA,CRISPS SNACKS & NUTS,,PARFETTS,6.0,17.94,6,2.08
5000208002504,TETLEY TEABAGS PM £1.85,GROCERY FOOD,,PARFETTS,6.0,11.100000000000001,6,1.5
4009900580151,Starburst Red Fruit TB PM100,CONFECTIONERY,,,6.0,6.0,5,0.61
5000168006185,MCV MILK CHOC HOBNOBS PM225,RETAIL GROCERY,,,6.0,13.5,5,1.238
5011597093363,SUPERBRIGHT MICROFIBRE CLOTH,RETAIL GROCERY,,,6.0,8.7,5,1.0
5012035962180,HARIBO HAPPY COLA ZING STD,CONFECTIONERY,,,6.0,12.54,6,1.0
4009900580038,Skittles Crazy Sour TB PM100,CONFECTIONERY,,,6.0,6.0,6,0.61
5449000276025,COSTA LATTE,SOFT DRINKS,,,6.0,11.94,6,0.08
54491472,COLA,SOFT DRINKS,,,6.0,14.100000000000001,6,1.0
5000295145115,C/CITY GRATED MAT CHED,CHILLED,,PARFETTS,6.0,17.94,5,1.65
8716101069748,HG ANTIPASTI SALAD OLI & TOM,CHILLED FOODS,,,6.0,14.34,6,1.0
4009900580052,SKITTLES WILDBERR PM1.00,CONFECTIONERY,,PARFETTS,6.0,6.0,5,0.61
5901356072923,CHOC ORANGE WAFER ROLLS,BREAD & CAKES,,PARFETTS,6.0,7.14,6,0.85
5711953145339,frappuccino,CHILLED FOODS,,,6.0,13.5,5,1.024
5902808781776,TORTILLA,BAKERY,,,6.0,11.94,6,1.0
5000237206218,SPACE RAIDERS BEEF PM135 70G,CRISPS & SNACKS,,,6.0,8.100000000000001,6,0.8000000000000002
5391516877251,MAGNERS 4 PACK PM £5.85,CIDER,,PARFETTS,6.0,35.099999999999994,6,3.5
5000328036649,WALKERS BBQ £1.35,CRISPS SNACKS & NUTS,,PARFETTS,6.0,8.100000000000001,6,0.8000000000000002
5023274045886,CANDYLND DIP DAB,CONFECTIONERY,,,6.0,4.14,4,0.25
5012035985417,Haribo Heart Throbs PM125,CONFECTIONERY,,,6.0,7.5,6,0.73
5012121004862,TORTILLA,FOOD TO GO,,,6.0,11.94,6,1.0
5023833038113,FG ADULT 1+ LAMB 395G,PET,,,6.0,11.94,4,1.0
3800205875109,MARETTI TOMATTOOLIVES,CRISPS & SNACKS,,,6.0,5.9399999999999995,6,0.07
3057640492983,VOLVIC WATERMELON,SOFT DRINKS,,,6.0,12.299999999999999,6,0.9499999999999998
5021223256123,COOKED HAM,RETAIL GROCERY,,,6.0,14.340000000000002,5,1.0
9770307268533,THE SUN (WEDNESDAY),NEWS,,,6.0,7.199999999999999,6,1.0
8857126105100,DOUBLE CHEESE RICE CRACKER,DEFAULT,,,5.0,7.5,5,1.0
24354200558,LIKE HOME DOGHNUT,BAKERY,,,5.0,7.45,5,1.0
5016049283309,PRIMULA CHE/SPREAD 1.99,CHILLED,,PARFETTS,5.0,9.95,4,1.54
5016049703722,PRIMULA GARLIC  HERB DIP,CHILLED FOODS,,,5.0,7.75,5,0.08
898999000022,VITA COCO COCONUT WATER,SOFT DRINKS,,,5.0,14.950000000000001,5,1.0
90496011,REDBULL ZERO £1.70,SOFT DRINKS,,PARFETTS,5.0,8.5,5,0.97
90493744,RED BULL S/F ENERGY 2.65,SOFT DRINKS,,PARFETTS,5.0,13.25,5,1.59
5000143956610,STERLING RYO TTT 30G,TOBACCO,,,5.0,128.84,5,0.2
5000112684612,Dr Pepper PM215,SOFT DRINKS,,,5.0,10.75,5,1.22
5000387909182,Bells Original PM679,ALCOHOL,,,5.0,33.95,5,4.5
5000431026117,RICHMOND KS 20,TOBACCO,,,5.0,78.79,5,1.0
5000431026551,EMBASSY SIGN GOLD KS,TOBACCO,,,5.0,76.85,4,0.1
5060088700815,TREK BISCOFF FLAPJACK BAR,CONFECTIONERY,,,5.0,8.45,5,1.0
5000393178435,VELO PEPPERMINT STORM,VAPING & POUCHES,,PARFETTS,5.0,32.5,5,4.1
5014379012866,Stella Artois,ALCOHOL,,,5.0,72.5,5,9.309999999999999
615357752665,TAYLORS RICH ITALIAN,GROCERY FOOD,,PARFETTS,5.0,24.950000000000003,5,3.5
6936329011714,HYTI PM+POD LEMON & LIME,VAPING & POUCHES,,PARFETTS,5.0,39.95,5,3.38
6936329011721,HYTI PM+P WATERMELON ICE,VAPING & POUCHES,,PARFETTS,5.0,39.95,5,3.38
8720865190891,DM P/APPLE CHK/JCE 1.49,GROCERY FOOD,,PARFETTS,5.0,7.45,5,1.12
8801073116467,BULDAK CARBONARA,RETAIL GROCERY,,,5.0,10.95,3,1.0
5019312082043,CT DD FOUR CHESE PIZZA PM250,FROZEN FOODS,,,5.0,12.5,5,0.08
8721317746383,P/NOODLE BEEF & TOM 1.29,GROCERY FOOD,,PARFETTS,5.0,6.45,5,0.9399999999999998
8720608036790,PG TIP DECAF TEABAGS3.29,GROCERY FOOD,,PARFETTS,5.0,16.45,5,2.33
5010038592816,COORS 4PK ?5 XTRA,ALCOHOL,,,5.0,25.0,5,2.504
5010038593066,MADRI LIMON,ALCOHOL,,,5.0,30.0,4,1.0
4251097405339,Peperami Firestick,RETAIL GROCERY,,,5.0,5.0,5,0.69
5000382129424,BARR PEACH PUNCH £1,SOFT DRINKS,,PARFETTS,5.0,5.0,5,0.52
5060403011442,SIMPLE ALOE VERA MANGO IMMUNITY 500ML,SOFT DRINKS,,,5.0,11.25,5,1.0
5060464503955,ALLERGIC TABLET,DEFAULT,,,5.0,7.45,5,1.0
5000382127727,BOOST SPORT ORANGE £1,SOFT DRINKS,,PARFETTS,5.0,5.0,4,0.54
5000382128106,BARR IRN BRU PM £1.79,SOFT DRINKS,,PARFETTS,5.0,8.95,5,1.15
5010034013810,BENS OR PILAU RICE POUCH,GROCERY FOOD,,PARFETTS,5.0,9.95,3,1.5
5060464500008,PL IBUPROFEN 200MG,HEALTH & BEAUTY,,,5.0,7.5,5,1.0
5010038592076,CARLING CARLING 10PK - 4%,ALCOHOL,,,5.0,58.949999999999996,5,6.928
5059321007262,KELL COCO POPS 4PK £1.49,BISCUITS,,PARFETTS,5.0,7.45,5,1.15
5059944009834,Jacks Gtd Mild Cheddar PM249,CHILLED FOODS,,,5.0,12.450000000000001,4,1.6
5059319036922,KELLOGG KRAVE CHOCONUT PM369,RETAIL GROCERY,,,5.0,18.45,5,2.85
5059630004167,GL WHITE T/TISS,DEFAULT,,,5.0,12.95,5,1.44
5010103947435,CIROC PASSNFRUIT & LEMONADE,ALCOHOL,,,5.0,14.950000000000001,3,1.42
5010102103634,britvic orange,SOFT DRINKS,,,5.0,17.5,5,1.67
5010102352018,ROB RTD ORAN&MAN PM1.19,SOFT DRINKS,,PARFETTS,5.0,5.949999999999999,5,0.68
5010102343160,Tango Apple SF PM199,SOFT DRINKS,,,5.0,9.95,5,1.222
5010102346437,ROB S/FRUITS NAS £1.59,SOFT DRINKS,,PARFETTS,5.0,7.95,5,1.02
5012389675019,N/MENT HAZ/NUT SWI £1.49,GROCERY FOOD,,PARFETTS,5.0,7.45,5,1.14
5012035985219,HARIBO MAOAM JOYSTIX PM125,CONFECTIONERY,,,5.0,6.25,5,0.702
8720181332005,Comfort Pure 33w PM249,RETAIL GROCERY,,,5.0,12.450000000000001,5,1.58
8720181638527,COMFORT CON SPRING B2.39,HOUSEHOLD / LAUNDRY,,PARFETTS,5.0,11.950000000000001,4,1.2449999999999999
7394376620720,OATLY OAT DRINK SEMI,CHILLED FOODS,,,5.0,11.45,5,1.0
5024993733276,WKD Iron Brew 3.4% 70c PM329,ALCOHOL,,,5.0,16.45,5,1.72
5021546482605,MISSION PLAIN TORTILA WRAPS,RETAIL GROCERY,,,5.0,8.75,4,1.0
50226962,SWAN STANDARD SLIM FILTE,CIGARETTES & TOBACCO,,PARFETTS,5.0,5.45,3,0.41
50237890,KP CDIPS ORIG SINGLES,CONFECTIONERY,,,5.0,5.5,2,0.08
7322542072448,BODYFORM MAXI £1.49,PAPER / FEMCARE,,PARFETTS,5.0,7.45,5,1.1
6936329011653,HYTI PM+P BLUBRY RSPBRRY,VAPING & POUCHES,,PARFETTS,5.0,39.95,5,3.38
6936329011660,HAYATI PODS SRAW CHER CRAN 6K,VAPES,,,5.0,34.95,5,1.0
6936329003788,HAYATI PRO MAX MR BLUE 6000+,VAPES,,,5.0,59.95,5,1.0
72417329975,ML WHITE CHOC COOK ?1.59,RETAIL GROCERY,,,5.0,7.95,5,1.036
5060926501680,AU PINK LEMONADE RTD CANS,ALCOHOL,,,5.0,17.450000000000003,4,1.67
5060811382394,GRENADE CHOCCHIPCKIE DOUGH,CONFECTIONERY,,,5.0,16.0,5,1.02
5060811386521,GRENADE STRAWBERRY,SOFT DRINKS,,,5.0,13.95,5,1.4
5000158064591,GAVISCON P/MINT LIQUID,MEDICINES,,PARFETTS,5.0,24.45,5,3.0
5060688010109,BIDLEA DOUBLE CREAM,GROCERY,,,5.0,14.950000000000001,5,1.0
8410036806422,FREIXENET PROSECCO,ALCOHOL,,,5.0,69.95,4,8.25
7640175743338,BOMBAY SAPPHIRE GIN & LGHT,ALCOHOL,,,5.0,17.450000000000003,4,1.0
7622202276262,Cadbury Oreo Bites PM169,CONFECTIONERY,,,5.0,8.45,5,1.05
7622202341687,CADBURYS 5PK TWIRL £1.99,CONFECTIONERY,,PARFETTS,5.0,9.95,5,1.27
5000171010209,J WEST SARDINES IN TOMATO,RETAIL GROCERY,,,5.0,7.45,2,1.0
5010153871704,BIRRIFIC ANGELO PORETTI PREM,ALCOHOL,,,5.0,17.450000000000003,4,1.54
5056784904046,MONSTER FULL THROTTLE,SOFT DRINKS,,,5.0,8.25,5,0.82
5000157154859,HZ BEANS & RM SAUS 2.20,GROCERY FOOD,,PARFETTS,5.0,11.0,5,1.7
5061064444044,PIXL STRAW RASP CHERRY 10MG,VAPES,,,5.0,14.950000000000001,3,1.0
5000159516198,MARS MARS PROTEIN BAR,CONFECTIONERY,,,5.0,11.950000000000001,5,1.28
5000159600927,TRU FRU STRB IN WHT&DRK CHOC,FROZEN,,,5.0,32.45,5,1.0
5000171056030,JOHN WEST TUNA STEAKS IN BRINE,CONFECTIONERY,,,5.0,14.950000000000001,4,1.4
4009900551267,EX BOT BLUEBERRY ?2.50,CONFECTIONERY,,,5.0,12.5,5,1.55
5027291017307,CHEESE TOPPED BAPS,BAKERY,,,5.0,9.95,5,1.0
5027291017901,HENLLAN TEA CSKES 4&#39;S,CAKES,,,5.0,9.95,5,1.0
5000232037572,OLIVIO OIL 2.75,GROCERY FOOD,,PARFETTS,5.0,13.75,5,1.78
5000237117095,KP SALTED CASHEWS CARDED,CONFECTIONERY,,,5.0,8.0,5,0.8299999999999998
4009900549851,STARBURST FAVE RED 65P,CONFECTIONERY,,PARFETTS,5.0,3.25,5,0.4
5027291032300,HENLLAN STRAWBERRY & VANILLA CAKE,BAKERY,,,5.0,19.950000000000003,5,1.0
5000232039026,NAPOLINA TOM PUR 1.35,GROCERY FOOD,,PARFETTS,5.0,6.75,5,0.96
8412765508905,CLIPPER MIXED DESIGN LIGHTER,SMOKING ACCESSORIES,,,5.0,12.450000000000001,5,1.0
8412765864216,CLIPPER JET FLAME LIGHTER,TOBACCO,,,5.0,12.649999999999999,4,0.04
8413178425094,VIDAL JOLLY SLICES £1.15,CONFECTIONERY,,PARFETTS,5.0,5.75,5,0.67
5056357910443,MARS TWIX CP 1.59,SOFT DRINKS,,,5.0,7.95,5,1.09
5061013949880,Monster Bad Apple,SOFT DRINKS,,,5.0,8.75,5,0.9
5056192412003,SOUR GUMMIY PIZZA,GROCERY,,,5.0,6.0,3,1.0
5056357914212,M&M CHOC COOKIE PM £1.99,BISCUITS,,PARFETTS,5.0,9.95,4,1.04
5056267011827,SURE MEN INVIS ICE ?2.39,HEALTH & BEAUTY,,,5.0,11.950000000000001,5,1.5
8410302106300,CAMPO VIEJO RIOJA TEMPRANILLO,ALCOHOL,,,5.0,57.5,5,6.0
8410302981242,CAMPO VIEJO ROSE,ALCOHOL,,,5.0,57.5,5,5.7
8445291876354,AERO HAZELNUT BLOC £1.65,CONFECTIONERY,,PARFETTS,5.0,8.25,5,0.9
5000354924378,BATCHELORS PASTA N SAUCE,RETAIL GROCERY,,,5.0,7.25,2,1.0
8445291282223,NESCAFE 3 IN 1 CARAMEL PM100,GROCERY,,,5.0,5.0,5,0.8
5000354160899,HARTLEYS TAB JELLY STWBRY,RETAIL GROCERY,,,5.0,6.949999999999999,4,0.08
5000354160912,HARTLEYS TAB JELLY ORANGE,RETAIL GROCERY,,,5.0,6.949999999999999,4,0.325
5063249305423,JACKS CH TK MAS PM389 2F650,RETAIL GROCERY,,,5.0,19.45,4,1.0
7622202261602,DAIRYLEA LUNCHER HAM&CHEESE,CHILLED FOODS,,,5.0,9.45,5,1.0
5000328697796,DORITOS MILD SALSA DIP,CRISPS & SNACKS,,,5.0,15.95,5,1.92
85000016626,GALLO PINOT GRIGIO,ALCOHOL,,,5.0,47.45,5,5.75
5054073096786,APRICOT&#38; MANGO,DEFAULT,,,5.0,3.25,5,1.0
5050974508212,RYVITA DARK RYE £1.49,BISCUITS,,PARFETTS,5.0,7.45,5,1.12
5010477369093,JORDANS CC STRAWBERRY 3.49,RETAIL GROCERY,,,5.0,17.450000000000003,5,1.0
5053990172252,Pringles BBQ PM125,CRISPS & SNACKS,,,5.0,6.25,5,0.79
5053990194551,PRIN BK DOU CHE/BURG £2,CRISPS SNACKS & NUTS,,PARFETTS,5.0,10.0,5,1.33
5056079901149,BOOST ENERGY SUGAR FREE,SOFT DRINKS,,,5.0,3.75,5,0.36
5054073088781,BEST ONE ICED COFFEE ESPRESSO,SOFT DRINKS,,,5.0,4.25,5,1.0
5010549105604,ABBOT ALE,BEER LAGER,,PARFETTS,5.0,14.15,3,1.6499999999999997
5027291083166,STICKY TOFFEE SLICE,RETAIL GROCERY,,,5.0,13.45,5,1.0
4000539398261,Lindor Milk Bar SRP PM120,CONFECTIONERY,,,5.0,6.0,4,0.79
5012035971939,Haribo Goldbears PM125,CONFECTIONERY,,,5.0,6.25,5,0.73
5027291081032,HENllen  HOT POT PIE,COLD MEAT,,,5.0,16.75,5,1.0
5414150411176,BARISTA CARML LATT £1.10,SOFT DRINKS,,PARFETTS,5.0,5.5,5,0.6
5711953145315,cold coffee,FOOD TO GO,,,5.0,11.0,5,1.0
5711953179594,STARBUCKS SKINNY LATTE CHILL,SOFT DRINKS,,,5.0,11.0,5,1.0
5000185117284,EASY WASH UP LIQ CIT 79P,RETAIL GROCERY,,,5.0,3.95,5,1.0
5000185117345,EASY NON BIO POWDER 1.59,HOUSEHOLD / LAUNDRY,,PARFETTS,5.0,7.95,4,0.97
5411188124689,ALPRO OAT NO SUGARS,RETAIL GROCERY,,,5.0,11.55,3,0.13
4025500297060,MULLER X MYP TOP HT YOG VNLA,CHILLED FOODS,,,5.0,9.95,4,1.0
5035766185581,FOSTERS SHANDY,ALCOHOL,,,5.0,22.75,5,1.0
7613031721955,NESTLE PURE LIFE,CONFECTIONERY,,,5.0,4.95,4,0.17
7613034989253,Lion Bar,CONFECTIONERY,,,5.0,5.75,5,0.51
4025500277239,MULLA CORNA STRABERRY,CHILLED FOODS,,,5.0,4.75,4,0.02
4010352046201,DFE DICED CHORIZO PM1.00,CHILLED,,PARFETTS,5.0,5.0,5,0.75
5099802150117,VASELINE ORIGINAL LIP TIN,NON FOOD,,,5.0,9.95,5,0.08
7622201693916,PHILADELPHIA REGULAR,CHILLED FOODS,,,5.0,13.75,5,1.0
54009677,SLIVER PAPER,SMOKING ACCESSORIES,,,5.0,5.949999999999999,5,1.0
5035766052524,Strongbow PM695,ALCOHOL,,,5.0,34.75,5,4.58
